City,Nation,Continent,Population,GDP per Capita,GDP (Nominal),Economic Mass,Population Band,Is Capital,Is Hub,Route Count (Degree),Latitude,Longitude,Map X,Map Y,ID
Sarwun,Estijan,Ayuma,11035000,10753.97,118670039683,118670039683,10-20M,FALSE,TRUE,96,58.9258,51.66,6435,863,sarwun
Hananli,Estijan,Ayuma,1888000,10753.97,20303492063,20303492063,1-5M,FALSE,FALSE,21,57.3415,52.128,6448,907,hananli
Ramvok,Estijan,Ayuma,1054000,10753.97,11334682540,11334682540,1-5M,FALSE,FALSE,20,56.4413,48.672,6352,932,ramvok
Ghalnari,Estijan,Ayuma,1189000,10753.97,12786468254,12786468254,1-5M,FALSE,FALSE,20,55.5411,53.1,6475,957,ghalnari
Zemraya,Estijan,Ayuma,2159000,10753.97,23217817460,23217817460,1-5M,FALSE,FALSE,22,55.4331,72.72,7020,960,zemraya
Miranis,Estijan,Ayuma,3767000,10753.97,40510198413,40510198413,1-5M,FALSE,FALSE,31,54.1728,51.48,6430,995,miranis
Qadorli,Estijan,Ayuma,1019000,10753.97,10958293651,10958293651,1-5M,FALSE,FALSE,21,53.6327,48.384,6344,1010,qadorli
Sharo,Estijan,Ayuma,3995000,10753.97,42962103175,42962103175,1-5M,FALSE,FALSE,32,53.0206,48.78,6355,1027,sharo
Bashira,Estijan,Ayuma,1421000,10753.97,15281388889,15281388889,1-5M,FALSE,FALSE,21,53.0206,54.36,6510,1027,bashira
Kraevu,Arbiya,Atirha,1022000,14603.17,14924444444,14924444444,1-5M,TRUE,FALSE,30,52.2645,-44.1,3775,1048,kraevu
Taranvo,Estijan,Ayuma,2266000,10753.97,24368492063,24368492063,1-5M,FALSE,FALSE,24,51.6523,48.888,6358,1065,taranvo
Dariya,Laselteh,Atirha,2029000,24722.22,50161388889,50161388889,1-5M,TRUE,FALSE,49,51.4723,-1.44,4960,1070,dariya
Pusko,Raledria,Atirha,1110000,28492.06,31626190476,31626190476,1-5M,FALSE,FALSE,39,51.1122,-42.984,3806,1080,pusko
Lijar,Raledria,Atirha,1199000,28492.06,34161984127,34161984127,1-5M,FALSE,FALSE,39,50.6441,-46.692,3703,1093,lijar
Barashir,Estijan,Ayuma,6540000,10753.97,70330952381,70330952381,5-10M,FALSE,FALSE,40,50.6441,55.44,6540,1093,barashir
Zhaelis,Estijan,Ayuma,2065000,10753.97,22206944444,22206944444,1-5M,FALSE,FALSE,25,50.4641,53.28,6480,1098,zhaelis
Shabiran,Estijan,Ayuma,13218000,10753.97,142145952381,142145952381,10-20M,TRUE,TRUE,132,50.4641,56.988,6583,1098,shabiran
Druvka,Raledria,Atirha,1231000,28492.06,35073730159,35073730159,1-5M,FALSE,FALSE,42,49.78,-41.148,3857,1117,druvka
Quzharil,Estijan,Ayuma,1060000,10753.97,11399206349,11399206349,1-5M,FALSE,FALSE,20,49.4919,65.052,6807,1125,quzharil
Khalviro,Fermori,Ayuma,1038000,9206.35,9556190476,9556190476,1-5M,TRUE,FALSE,24,49.4199,46.008,6278,1127,khalviro
Khidiris,Estijan,Ayuma,1045000,10753.97,11237896825,11237896825,1-5M,FALSE,FALSE,20,49.0238,56.952,6582,1138,khidiris
Komiros,Raledria,Atirha,2869000,28492.06,81743730159,81743730159,1-5M,FALSE,FALSE,59,48.7718,-43.848,3782,1145,komiros
Tsyanka,Gaeiya,Atirha,2850000,19642.86,55982142857,55982142857,1-5M,TRUE,FALSE,58,48.3037,-35.172,4023,1158,tsyanka
Fazraba,Estijan,Ayuma,1435000,10753.97,15431944444,15431944444,1-5M,FALSE,FALSE,20,48.1236,59.832,6662,1163,fazraba
Walfrei,Verusa,Ayuma,1008000,22301.59,22480000000,22480000000,1-5M,FALSE,FALSE,32,47.8716,43.884,6219,1170,walfrei
Bodhar,Raledria,Atirha,1528000,28492.06,43535873016,43535873016,1-5M,FALSE,FALSE,46,47.2234,-56.52,3430,1188,bodhar
Zhoshi,Raledria,Atirha,1629000,28492.06,46413571429,46413571429,1-5M,FALSE,FALSE,50,47.1514,-51.192,3578,1190,zhoshi
Pekrin-Vavlen,Raledria,Atirha,8210000,28492.06,233919841270,233919841270,5-10M,FALSE,TRUE,109,47.0794,-45.468,3737,1192,pekrin-vavlen
Braniv,Genaire,Atirha,1533000,18650.79,28591666667,28591666667,1-5M,FALSE,FALSE,29,46.6833,-79.632,2788,1203,braniv
Rovik,Raledria,Atirha,14378000,28492.06,409658888889,409658888889,10-20M,FALSE,TRUE,136,46.6833,-38.124,3941,1203,rovik
Vadja,Raledria,Atirha,2487000,28492.06,70859761905,70859761905,1-5M,FALSE,FALSE,55,46.5393,-48.96,3640,1207,vadja
Tirna,Raledria,Atirha,5880000,28492.06,167533333333,167533333333,5-10M,TRUE,TRUE,124,46.4313,-38.7,3925,1210,tirna
Hiranzo,New Misos,Atirha,1177000,15555.56,18308888889,18308888889,1-5M,FALSE,FALSE,27,46.1432,-63.612,3233,1218,hiranzo
Nirun,Raledria,Atirha,3027000,28492.06,86245476190,86245476190,1-5M,FALSE,FALSE,57,46.1432,-40.5,3875,1218,nirun
Felitu,Heiso,Ayuma/Acrola,1200000,4722.22,5666666667,5666666667,1-5M,FALSE,FALSE,13,45.7111,100.872,7802,1230,felitu
Fryokar,Raledria,Atirha,4937000,28492.06,140665317460,140665317460,1-5M,FALSE,FALSE,65,45.6391,-37.98,3945,1232,fryokar
Tsamir,Raledria,Atirha,1236000,28492.06,35216190476,35216190476,1-5M,FALSE,FALSE,40,45.3511,-44.46,3765,1240,tsamir
Yaltra,Raledria,Atirha,1756000,28492.06,50032063492,50032063492,1-5M,FALSE,FALSE,47,45.027,-41.76,3840,1249,yaltra
Zahlim,Uularin,Ayuma,1537000,7301.59,11222539683,11222539683,1-5M,TRUE,FALSE,23,45.027,49.32,6370,1249,zahlim
Qayhadr,Estijan,Ayuma,1499000,10753.97,16120198413,16120198413,1-5M,FALSE,FALSE,22,44.991,56.88,6580,1250,qayhadr
Sanilu,New Misos,Atirha,1212000,15555.56,18853333333,18853333333,1-5M,FALSE,FALSE,26,44.883,-62.712,3258,1253,sanilu
Lirika,New Misos,Atirha,7770000,15555.56,120866666667,120866666667,5-10M,FALSE,FALSE,68,44.811,-68.58,3095,1255,lirika
Pikvor,Raledria,Atirha,1906000,28492.06,54305873016,54305873016,1-5M,FALSE,FALSE,52,44.811,-54.936,3474,1255,pikvor
Mushira,Grazail,Atirha,1040000,10436.51,10853968254,10853968254,1-5M,TRUE,FALSE,25,44.811,-1.908,4947,1255,mushira
Lishka,Genaire,Atirha,1439000,18650.79,26838492063,26838492063,1-5M,TRUE,FALSE,37,44.6309,-81.252,2743,1260,lishka
Sarvek,Raledria,Atirha,1082000,28492.06,30828412698,30828412698,1-5M,FALSE,FALSE,39,44.6309,-45.18,3745,1260,sarvek
Tavik,Raledria,Atirha,9480000,28492.06,270104761905,270104761905,5-10M,FALSE,TRUE,129,44.2709,-46.152,3718,1270,tavik
Gulshen,Verusa,Ayuma,1040000,22301.59,23193650794,23193650794,1-5M,FALSE,FALSE,33,44.1988,40.428,6123,1272,gulshen
Gorchi,Raledria,Atirha,1178000,28492.06,33563650794,33563650794,1-5M,FALSE,FALSE,40,44.0188,-48.168,3662,1277,gorchi
Taoqu,Pelan,Atirha,3239000,5039.68,16323531746,16323531746,1-5M,TRUE,FALSE,23,44.0188,-22.392,4378,1277,taoqu
Darnet,New Misos,Atirha,1225000,15555.56,19055555556,19055555556,1-5M,FALSE,FALSE,26,43.7307,-57.132,3413,1285,darnet
Zunle,Raledria,Atirha,12488000,28492.06,355808888889,355808888889,10-20M,FALSE,TRUE,130,43.4787,-39.672,3898,1292,zunle
Zarfan,Lydroa,Ayuma,1738000,6468.25,11241825397,11241825397,1-5M,TRUE,FALSE,22,43.4427,52.56,6460,1293,zarfan
Birska,Raledria,Atirha,5070000,28492.06,144454761905,144454761905,5-10M,FALSE,FALSE,68,43.2987,-51.66,3565,1297,birska
Solima,New Misos,Atirha,2049000,15555.56,31873333333,31873333333,1-5M,FALSE,FALSE,26,43.1546,-66.672,3148,1301,solima
Dhalpavishka,Raledria,Atirha,2092000,28492.06,59605396825,59605396825,1-5M,FALSE,FALSE,52,43.1546,-45.648,3732,1301,dhalpavishka
Albira,New Misos,Atirha,1455000,15555.56,22633333333,22633333333,1-5M,FALSE,FALSE,26,43.1186,-74.052,2943,1302,albira
Shinori,Etirha,Atirha,3950000,35396.83,139817460317,139817460317,1-5M,FALSE,FALSE,59,43.1186,-10.656,4704,1302,shinori
Nokavi,New Misos,Atirha,1186000,15555.56,18448888889,18448888889,1-5M,FALSE,FALSE,25,42.7586,-58.572,3373,1312,nokavi
Dazkar,Etirha,Atirha,1990000,35396.83,70439682540,70439682540,1-5M,FALSE,FALSE,49,42.6505,-18.072,4498,1315,dazkar
Valkirseh,Verusa,Ayuma,1445000,22301.59,32225793651,32225793651,1-5M,FALSE,FALSE,36,42.6505,44.892,6247,1315,valkirseh
Lunava,New Misos,Atirha,2647000,15555.56,41175555556,41175555556,1-5M,TRUE,FALSE,40,42.5425,-67.932,3113,1318,lunava
Mivlo,Heiso,Ayuma/Acrola,1576000,4722.22,7442222222,7442222222,1-5M,TRUE,FALSE,20,42.4705,100.26,7785,1320,mivlo
Mulkhan,Etirha,Atirha,2207000,35396.83,78120793651,78120793651,1-5M,FALSE,FALSE,52,42.1824,-14.04,4610,1328,mulkhan
Jitana,Raledria,Atirha,1035000,28492.06,29489285714,29489285714,1-5M,FALSE,FALSE,39,42.0024,-40.68,3870,1333,jitana
Nalvoku,Etirha,Atirha,1225000,35396.83,43361111111,43361111111,1-5M,FALSE,FALSE,47,41.9304,-5.472,4848,1335,nalvoku
Huifarn,Verusa,Ayuma,5080000,22301.59,113292063492,113292063492,5-10M,TRUE,TRUE,117,41.9304,43.02,6195,1335,huifarn
Tiyomi,Fincen,Atirha,1510000,12857.14,19414285714,19414285714,1-5M,TRUE,FALSE,31,41.6783,-51.66,3565,1342,tiyomi
Foulang,Verusa,Ayuma,1068000,22301.59,23818095238,23818095238,1-5M,FALSE,FALSE,32,41.1022,40.608,6128,1358,foulang
Minafi,New Misos,Atirha,4675000,15555.56,72722222222,72722222222,1-5M,FALSE,FALSE,33,40.9582,-75.168,2912,1362,minafi
Tamira,Phuris,Atirha,4581000,1865.08,8543928571,8543928571,1-5M,FALSE,FALSE,15,40.8502,-99.792,2228,1365,tamira
Hulong,Curata,Atirha,3239000,11230.16,36374484127,36374484127,1-5M,TRUE,FALSE,34,40.7421,-45.072,3748,1368,hulong
Zhetren,Etirha,Atirha,2359000,35396.83,83501111111,83501111111,1-5M,FALSE,FALSE,53,40.6701,-4.608,4872,1370,zhetren
Khorin,Yaxuto,Ayuma,3511000,18492.06,64925634921,64925634921,1-5M,TRUE,FALSE,74,40.022,37.692,6047,1388,khorin
Turkhian,Etirha,Atirha,3681000,35396.83,130295714286,130295714286,1-5M,FALSE,FALSE,57,39.878,-9.828,4727,1392,turkhian
Lunru,Etirha,Atirha,8770000,35396.83,310430158730,310430158730,5-10M,FALSE,TRUE,131,39.77,-12.924,4641,1395,lunru
Yeklan,Etirha,Atirha,1647000,35396.83,58298571429,58298571429,1-5M,FALSE,FALSE,48,39.6979,-1.728,4952,1397,yeklan
Jentori,Verusa,Ayuma,4019000,22301.59,89630079365,89630079365,1-5M,FALSE,FALSE,73,39.6259,42.876,6191,1399,jentori
Korvona,Etirha,Atirha,1243000,35396.83,43998253968,43998253968,1-5M,FALSE,FALSE,47,39.4099,-7.74,4785,1405,korvona
Ternyu,Tomscilus,Atirha,1005000,16785.71,16869642857,16869642857,1-5M,TRUE,FALSE,33,38.7978,-56.88,3420,1422,ternyu
Sakraza,Phuris,Atirha,1819000,1865.08,3392579365,3392579365,1-5M,FALSE,FALSE,12,38.5817,-111.6,1900,1428,sakraza
City of Dauris,Phuris,Atirha,5240000,1865.08,9773015873,9773015873,5-10M,TRUE,FALSE,22,37.8616,-109.332,1963,1448,city-of-dauris
Mahana,Areoix Lie,Acrola,8540000,7936.51,67777777778,67777777778,5-10M,FALSE,FALSE,36,37.7896,98.28,7730,1450,mahana
Kavlira,Etirha,Atirha,4220000,35396.83,149374603175,149374603175,1-5M,FALSE,FALSE,67,37.6815,-4.212,4883,1453,kavlira
Raldino,Phuris,Atirha,1388000,1865.08,2588730159,2588730159,1-5M,FALSE,FALSE,11,37.2494,-113.22,1855,1465,raldino
Shernuka,Etirha,Atirha,1223000,35396.83,43290317460,43290317460,1-5M,FALSE,FALSE,47,36.9974,-8.46,4765,1472,shernuka
Zhangkao,Yaxuto,Ayuma,1486000,18492.06,27479206349,27479206349,1-5M,FALSE,FALSE,31,36.9974,41.832,6162,1472,zhangkao
Xemara,Areoix Lie,Acrola,1169000,7936.51,9277777778,9277777778,1-5M,FALSE,FALSE,18,36.9974,97.092,7697,1472,xemara
Lungkai,Merela Sta,Ayuma,1160000,14206.35,16479365079,16479365079,1-5M,FALSE,FALSE,24,36.8894,37.692,6047,1475,lungkai
Albiran,Etirha,Atirha,10119000,35396.83,358180476190,358180476190,10-20M,TRUE,TRUE,178,36.6013,-4.32,4880,1483,albiran
Naliti,Disal Nila,Atirha,1181000,18174.6,21464206349,21464206349,1-5M,TRUE,FALSE,35,36.1692,-12.636,4649,1495,naliti
Mushka,Etirha,Atirha,1563000,35396.83,55325238095,55325238095,1-5M,FALSE,FALSE,48,35.7011,-5.832,4838,1508,mushka
Ser,Merela Sta,Ayuma,1133000,14206.35,16095793651,16095793651,1-5M,FALSE,FALSE,24,35.5931,40.428,6123,1511,ser
Haikaia,Areoix Lie,Acrola,2631000,7936.51,20880952381,20880952381,1-5M,FALSE,FALSE,25,35.3051,93.492,7597,1519,haikaia
Talung,Merela Sta,Ayuma,1686000,14206.35,23951904762,23951904762,1-5M,TRUE,FALSE,33,35.2691,38.16,6060,1520,talung
Nakahiki,Areoix Lie,Acrola,13482000,7936.51,107000000000,107000000000,10-20M,FALSE,TRUE,107,35.161,95.58,7655,1523,nakahiki
Mbeke,Disal Nila,Atirha,1170000,18174.6,21264285714,21264285714,1-5M,FALSE,FALSE,28,34.5849,-9.288,4742,1539,mbeke
Shamarin,Darewa,Ayuma,2569000,11230.16,28850277778,28850277778,1-5M,TRUE,FALSE,39,34.5489,48.78,6355,1540,shamarin
Pitahu,Areoix Lie,Acrola,1017000,7936.51,8071428571,8071428571,1-5M,FALSE,FALSE,18,33.4687,94.392,7622,1570,pitahu
Mireli,Areoix Lie,Acrola,5990000,7936.51,47539682540,47539682540,5-10M,FALSE,FALSE,32,33.2166,99.54,7765,1577,mireli
Vahata,Areoix Lie,Acrola,1799000,7936.51,14277777778,14277777778,1-5M,FALSE,FALSE,24,33.1806,96.12,7670,1578,vahata
Zothra,Siana,Ayuma,3306000,19087.3,63102619048,63102619048,1-5M,FALSE,FALSE,53,32.2084,43.488,6208,1605,zothra
Zirohu,Areoix Lie,Acrola,32514000,7936.51,258047619048,258047619048,>20M,FALSE,TRUE,143,31.7764,99.612,7767,1617,zirohu
Mangiwa,Siana,Ayuma,1803000,19087.3,34414404762,34414404762,1-5M,FALSE,FALSE,41,31.7403,41.652,6157,1618,mangiwa
Tuatiku,Areoix Lie,Acrola,1142000,7936.51,9063492063,9063492063,1-5M,FALSE,FALSE,19,31.4883,92.232,7562,1625,tuatiku
Mauhunai,Areoix Lie,Acrola,1023000,7936.51,8119047619,8119047619,1-5M,FALSE,FALSE,17,31.4523,100.728,7798,1626,mauhunai
Tianco,Lycroa,Ayuma,1599000,20634.92,32995238095,32995238095,1-5M,FALSE,FALSE,41,31.2362,47.772,6327,1632,tianco
Zaringao,Lycroa,Ayuma,1243000,20634.92,25649206349,25649206349,1-5M,FALSE,FALSE,33,31.2002,49.968,6388,1633,zaringao
Nikahatu,Areoix Lie,Acrola,7210000,7936.51,57222222222,57222222222,5-10M,FALSE,FALSE,38,31.2002,101.088,7808,1633,nikahatu
Xalavi,Areoix Lie,Acrola,9600000,7936.51,76190476190,76190476190,5-10M,FALSE,FALSE,48,30.8762,94.32,7620,1642,xalavi
Kaimoana,Areoix Lie,Acrola,1187000,7936.51,9420634921,9420634921,1-5M,FALSE,FALSE,18,30.5881,90.72,7520,1650,kaimoana
Yuwiha,Areoix Lie,Acrola,1350000,7936.51,10714285714,10714285714,1-5M,FALSE,FALSE,20,30.4441,99.288,7758,1654,yuwiha
Rimao,Lycroa,Ayuma,1134000,20634.92,23400000000,23400000000,1-5M,FALSE,FALSE,37,29.94,49.032,6362,1668,rimao
Vurahi,Areoix Lie,Acrola,21581000,7936.51,171277777778,171277777778,>20M,TRUE,TRUE,154,29.904,90.432,7512,1669,vurahi
Lihakoa,Areoix Lie,Acrola,3584000,7936.51,28444444444,28444444444,1-5M,FALSE,FALSE,27,29.868,94.968,7638,1670,lihakoa
Wadika,Siana,Ayuma,5110000,19087.3,97536111111,97536111111,5-10M,TRUE,FALSE,87,29.6159,39.888,6108,1677,wadika
Shorakim,Eldjo,Ayuma,1254000,13769.84,17267380952,17267380952,1-5M,TRUE,FALSE,31,29.4359,52.56,6460,1682,shorakim
Jungui,Lycroa,Ayuma,9990000,20634.92,206142857143,206142857143,5-10M,TRUE,TRUE,177,29.3279,47.052,6307,1685,jungui
Vimano,Areoix Lie,Acrola,1448000,7936.51,11492063492,11492063492,1-5M,FALSE,FALSE,17,28.9678,88.992,7472,1695,vimano
Tungkam,Siana,Ayuma,1195000,19087.3,22809325397,22809325397,1-5M,FALSE,FALSE,29,28.7518,40.788,6133,1701,tungkam
Tavarua,Areoix Lie,Acrola,1469000,7936.51,11658730159,11658730159,1-5M,FALSE,FALSE,23,28.6797,92.412,7567,1703,tavarua
Liambra,Lycroa,Ayuma,3627000,20634.92,74842857143,74842857143,1-5M,FALSE,FALSE,55,28.3557,46.008,6278,1712,liambra
Huetun,Lycroa,Ayuma,1168000,20634.92,24101587302,24101587302,1-5M,FALSE,FALSE,36,27.5995,48.852,6357,1733,huetun
Zhrunbei,Emara,Ayuma,1276000,23214.29,29621428571,29621428571,1-5M,FALSE,FALSE,38,27.0954,42.228,6173,1747,zhrunbei
Baxian,Emara,Ayuma,2050000,23214.29,47589285714,47589285714,1-5M,FALSE,FALSE,49,27.0594,44.28,6230,1748,baxian
Matini,Areoix Lie,Acrola,1192000,7936.51,9460317460,9460317460,1-5M,FALSE,FALSE,17,26.9874,108,8000,1750,matini
Tirzovik,Emara,Ayuma,2913000,23214.29,67623214286,67623214286,1-5M,FALSE,FALSE,57,26.0152,39.168,6088,1777,tirzovik
Sorvaya,Lycroa,Ayuma,1121000,20634.92,23131746032,23131746032,1-5M,FALSE,FALSE,34,26.0152,49.14,6365,1777,sorvaya
Hanzubek,Ukhdari,Ayuma,1137000,11230.16,12768690476,12768690476,1-5M,FALSE,FALSE,20,25.7271,76.428,7123,1785,hanzubek
Lunatoa,Areoix Lie,Acrola,1855000,7936.51,14722222222,14722222222,1-5M,FALSE,FALSE,22,25.7271,100.8,7800,1785,lunatoa
Xamahu,Areoix Lie,Acrola,1206000,7936.51,9571428571,9571428571,1-5M,FALSE,FALSE,18,25.6551,93.672,7602,1787,xamahu
Brimasha,Praesyu,Ayuma,4630000,14166.67,65591666667,65591666667,1-5M,TRUE,FALSE,76,25.6191,58.608,6628,1788,brimasha
Faramozan,Ukhdari,Ayuma,1029000,11230.16,11555833333,11555833333,1-5M,TRUE,FALSE,36,25.115,76.14,7115,1802,faramozan
Sompai,Lycroa,Ayuma,2358000,20634.92,48657142857,48657142857,1-5M,FALSE,FALSE,43,25.007,47.556,6321,1805,sompai
Tazirun,Ealdorii,Ayuma,1495000,4920.63,7356349206,7356349206,1-5M,FALSE,FALSE,15,24.3589,62.028,6723,1823,tazirun
Borzhai,Emara,Ayuma,3078000,23214.29,71453571429,71453571429,1-5M,FALSE,FALSE,57,24.2148,42.732,6187,1827,borzhai
Rivostan,Emara,Ayuma,14967000,23214.29,347448214286,347448214286,10-20M,TRUE,TRUE,232,24.1068,41.508,6153,1830,rivostan
Shaikuv,Emara,Ayuma,4565000,23214.29,105973214286,105973214286,1-5M,FALSE,FALSE,73,24.0348,39.708,6103,1832,shaikuv
Sakhen,Ilicuhe,Ayuma,1624000,29484.13,47882222222,47882222222,1-5M,TRUE,FALSE,62,23.7828,53.136,6476,1839,sakhen
Ashdeer,Praesyu,Ayuma,1000000,14166.67,14166666667,14166666667,1-5M,FALSE,FALSE,24,23.7828,55.224,6534,1839,ashdeer
Tianoro,Areoix Lie,Acrola,1965000,7936.51,15595238095,15595238095,1-5M,FALSE,FALSE,24,23.7828,96.3,7675,1839,tianoro
Lashirov,Emara,Ayuma,1060000,23214.29,24607142857,24607142857,1-5M,FALSE,FALSE,34,23.5667,42.732,6187,1845,lashirov
Vikura,Areoix Lie,Acrola,2557000,7936.51,20293650794,20293650794,1-5M,FALSE,FALSE,24,23.5667,89.568,7488,1845,vikura
Vornak,Ealdorii,Ayuma,1291000,4920.63,6352539683,6352539683,1-5M,FALSE,FALSE,15,23.4587,64.008,6778,1848,vornak
Yilovka,Emara,Ayuma,3115000,23214.29,72312500000,72312500000,1-5M,FALSE,FALSE,58,23.1346,40.86,6135,1857,yilovka
Kadorak,Ealdorii,Ayuma,1021000,4920.63,5023968254,5023968254,1-5M,FALSE,FALSE,13,22.3065,65.628,6823,1880,kadorak
Khalzhun,Emara,Ayuma,7320000,23214.29,169928571429,169928571429,5-10M,FALSE,FALSE,95,22.0544,42.912,6192,1887,khalzhun
Tanbai,Easuhura,Ayuma,9360000,25000,234000000000,234000000000,5-10M,TRUE,TRUE,194,21.9464,47.88,6330,1890,tanbai
Boklan,Easuhura,Ayuma,1128000,25000,28200000000,28200000000,1-5M,FALSE,FALSE,37,21.5863,48.78,6355,1900,boklan
Samaru,Acrana,Ayuma,1072000,8849.21,9486349206,9486349206,1-5M,TRUE,FALSE,24,21.2983,62.712,6742,1908,samaru
Shurqan,Ealdorii,Ayuma,13293000,4920.63,65410000000,65410000000,10-20M,TRUE,TRUE,140,21.1542,67.86,6885,1912,shurqan
Chishanov,Emara,Ayuma,2721000,23214.29,63166071429,63166071429,1-5M,FALSE,FALSE,45,20.9022,41.868,6163,1919,chishanov
Zarhesh,Ealdorii,Ayuma,4180000,4920.63,20568253968,20568253968,1-5M,FALSE,FALSE,25,20.7582,69.768,6938,1923,zarhesh
Paviri,Easuhura,Ayuma,1161000,25000,29025000000,29025000000,1-5M,FALSE,FALSE,36,20.6861,45.792,6272,1925,paviri
Khessli,Easuhura,Ayuma,1256000,25000,31400000000,31400000000,1-5M,FALSE,FALSE,37,20.5781,47.592,6322,1928,khessli
Ezrum,Ukhdari,Ayuma,1330000,11230.16,14936111111,14936111111,1-5M,FALSE,FALSE,21,20.2541,73.8,7050,1937,ezrum
Hikorai,Areoix Lie,Acrola,1137000,7936.51,9023809524,9023809524,1-5M,FALSE,FALSE,18,20.2541,108.18,8005,1937,hikorai
Draunak,Ealdorii,Ayuma,1748000,4920.63,8601269841,8601269841,1-5M,FALSE,FALSE,14,20.218,68.868,6913,1938,draunak
Chayek,Easuhura,Ayuma,2771000,25000,69275000000,69275000000,1-5M,FALSE,FALSE,48,20.074,46.728,6298,1942,chayek
Phalanij,Easuhura,Ayuma,1568000,25000,39200000000,39200000000,1-5M,FALSE,FALSE,39,20.074,50.76,6410,1942,phalanij
Havrishka,Ealdorii,Ayuma,2583000,4920.63,12710000000,12710000000,1-5M,FALSE,FALSE,19,19.894,67.68,6880,1947,havrishka
Tahuato,Acetoa,Acrola,1284000,8333.33,10700000000,10700000000,1-5M,FALSE,FALSE,17,19.894,100.08,7780,1947,tahuato
Vorsadun,Ealdorii,Ayuma,1601000,4920.63,7877936508,7877936508,1-5M,FALSE,FALSE,16,19.7499,66.276,6841,1951,vorsadun
Turashik,Ealdorii,Ayuma,6320000,4920.63,31098412698,31098412698,5-10M,FALSE,FALSE,31,19.5339,70.308,6953,1957,turashik
Bokayek,Easuhura,Ayuma,1041000,25000,26025000000,26025000000,1-5M,FALSE,FALSE,36,19.4979,48.24,6340,1958,bokayek
Borshavi,Ukhdari,Ayuma,4291000,11230.16,48188611111,48188611111,1-5M,FALSE,FALSE,36,19.4259,72.072,7002,1960,borshavi
Veshgadar,Ukhdari,Ayuma,5770000,11230.16,64798015873,64798015873,5-10M,FALSE,FALSE,58,18.4897,71.712,6992,1986,veshgadar
Turashik,Ealdorii,Ayuma,6320000,4920.63,31098412698,31098412698,1-5M,FALSE,FALSE,30,18.3457,69.552,6932,1990,turashik-2
Aruhala,Acetoa,Acrola,1083000,8333.33,9025000000,9025000000,1-5M,FALSE,FALSE,17,18.2376,100.728,7798,1993,aruhala
Yezhito,Acetoa,Acrola,1157000,8333.33,9641666667,9641666667,1-5M,TRUE,FALSE,23,17.6255,104.292,7897,2010,yezhito
Fanitia,Terressin,Acrola,1149000,4880.95,5608214286,5608214286,1-5M,FALSE,FALSE,13,17.5175,91.728,7548,2013,fanitia
Dy,Ukhdari,Ayuma,1846000,11230.16,20730873016,20730873016,1-5M,FALSE,FALSE,25,17.2655,71.82,6995,2020,dy
Borezu,Acrana,Ayuma,1027000,8849.21,9088134921,9088134921,1-5M,FALSE,FALSE,18,16.7974,66.132,6837,2033,borezu
Hunzavir,Ukhdari,Ayuma,1209000,11230.16,13577261905,13577261905,1-5M,FALSE,FALSE,21,16.6533,72.468,7013,2037,hunzavir
Risavo,Crila Republic,New Ayre,3933000,11892.86,46774607143,46774607143,1-5M,TRUE,FALSE,42,16.2573,-38.952,3918,2048,risavo
Muvash,Ealdorii,Ayuma,1957000,4920.63,9629682540,9629682540,1-5M,FALSE,FALSE,17,15.8972,71.568,6988,2058,muvash
Zirafu,Zenashan,Ayuma,2088000,2896.83,6048571429,6048571429,1-5M,TRUE,FALSE,19,15.4651,69.228,6923,2070,zirafu
Zurlan,Hkuqo,Ayuma,1119000,2936.51,3285952381,3285952381,1-5M,FALSE,FALSE,14,15.4651,72.468,7013,2070,zurlan
Muntai,Jau,Acrola,1029000,436.51,449166667,449166667,1-5M,TRUE,FALSE,16,14.6729,78.948,7193,2092,muntai
Rudeka,Maalle,New Ayre,1487000,3253.97,4838650794,4838650794,1-5M,TRUE,FALSE,18,14.0248,-39.888,3892,2110,rudeka
Kauhuo,Terressin,Acrola,1621000,4880.95,7912023810,7912023810,1-5M,FALSE,FALSE,14,13.8448,93.528,7598,2115,kauhuo
Kavirro,Astye,New Ayre,2631000,3694.44,9720083333,9720083333,1-5M,TRUE,FALSE,20,12.9806,-42.624,3816,2139,kavirro
Hirvasa,Ohtina,New Ayre,1978000,8769.84,17346746032,17346746032,1-5M,FALSE,FALSE,19,12.6565,-53.208,3522,2148,hirvasa
Rajalindo,Hkuqo,Ayuma,1002000,2936.51,2942380952,2942380952,1-5M,FALSE,FALSE,12,12.2244,73.08,7030,2160,rajalindo
Velloro,Terressin,Acrola,5090000,4880.95,24844047619,24844047619,5-10M,TRUE,FALSE,35,12.1164,92.592,7572,2163,velloro
Lumeka,Ohtina,New Ayre,2965000,8769.84,26002579365,26002579365,1-5M,FALSE,FALSE,23,12.0444,-50.112,3608,2165,lumeka
Heslian,United Delet,New Ayre,6880000,10198.41,70165079365,70165079365,5-10M,FALSE,FALSE,35,11.3963,-40.68,3870,2183,heslian
Glonashi,Astye,New Ayre,1219000,3694.44,4503527778,4503527778,1-5M,FALSE,FALSE,12,11.1442,-42.012,3833,2190,glonashi
Fenavo,Ohtina,New Ayre,2168000,8769.84,19013015873,19013015873,1-5M,FALSE,FALSE,22,11.0722,-50.22,3605,2192,fenavo
Roviri,United Delet,New Ayre,2477000,10198.41,25261468254,25261468254,1-5M,FALSE,FALSE,28,10.8562,-41.472,3848,2198,roviri
Losari,Astye,New Ayre,1246000,3694.44,4603277778,4603277778,1-5M,FALSE,FALSE,12,10.7842,-46.152,3718,2200,losari
Tivara,United Delet,New Ayre,1131000,10198.41,11534404762,11534404762,1-5M,FALSE,FALSE,20,9.776,-37.764,3951,2228,tivara
Tanshiva,Hkuqo,Ayuma,4030000,2936.51,11834126984,11834126984,1-5M,TRUE,FALSE,22,9.6319,69.732,6937,2232,tanshiva
Mantraal,United Delet,New Ayre,19980000,10198.41,203764285714,203764285714,10-20M,TRUE,TRUE,133,9.4519,-41.256,3854,2237,mantraal
Dhamasol,Hkuqo,Ayuma,1801000,2936.51,5288650794,5288650794,1-5M,FALSE,FALSE,12,9.2719,73.512,7042,2242,dhamasol
Narvila,United Delet,New Ayre,4193000,10198.41,42761944444,42761944444,1-5M,FALSE,FALSE,33,9.2358,-35.1,4025,2243,narvila
Chitralna,Hkuqo,Ayuma,1114000,2936.51,3271269841,3271269841,1-5M,FALSE,FALSE,11,9.1638,72.612,7017,2245,chitralna
Kovasi,Nia,New Ayre,1286000,3373.02,4337698413,4337698413,1-5M,TRUE,FALSE,18,8.8038,-30.24,4160,2255,kovasi
Kavlira,Etirha,Atirha,4220000,35396.83,149374603175,149374603175,1-5M,FALSE,FALSE,83,8.6957,-56.556,3429,2258,kavlira-2
Solekhan,United Delet,New Ayre,1139000,10198.41,11615992063,11615992063,1-5M,FALSE,FALSE,21,8.7317,-39.132,3913,2257,solekhan
Tavon,Eldavpir,Acrola,1487000,1198.41,1782039683,1782039683,1-5M,FALSE,FALSE,11,8.7317,108.972,8027,2257,tavon
Ravohni,United Delet,New Ayre,1198000,10198.41,12217698413,12217698413,1-5M,FALSE,FALSE,20,8.4437,-36.648,3982,2265,ravohni
Halumbaro,Reerica,Acrola,1568000,7619.05,11946666667,11946666667,1-5M,TRUE,FALSE,24,8.4437,113.472,8152,2265,halumbaro
Su Sariko,Ohtina,New Ayre,3207000,8769.84,28124880952,28124880952,1-5M,TRUE,FALSE,32,8.2637,-52.56,3540,2270,su-sariko
Lurimah,United Delet,New Ayre,1743000,10198.41,17775833333,17775833333,1-5M,FALSE,FALSE,25,8.0116,-41.832,3838,2277,lurimah
Chavindora,Taval,Massir,1243000,10634.92,13219206349,13219206349,1-5M,FALSE,FALSE,21,7.5075,66.42,6845,2291,chavindora
Lunfrix,Eldavpir,Acrola,1865000,1198.41,2235039683,2235039683,1-5M,TRUE,FALSE,18,7.1834,97.452,7707,2300,lunfrix
Firanza,United Delet,New Ayre,2403000,10198.41,24506785714,24506785714,1-5M,FALSE,FALSE,27,6.5353,-37.08,3970,2318,firanza
Torivis,United Delet,New Ayre,2038000,10198.41,20784365079,20784365079,1-5M,FALSE,FALSE,27,6.1752,-41.148,3857,2328,torivis
Espralit,Sattle,Acrola,1193000,666.67,795333333,795333333,1-5M,TRUE,FALSE,17,5.3831,102.24,7840,2350,espralit
Talanvi,United Delet,New Ayre,1155000,10198.41,11779166667,11779166667,1-5M,FALSE,FALSE,19,5.095,-44.532,3763,2358,talanvi
Vindasira,Hkuqo,Ayuma,1477000,2936.51,4337222222,4337222222,1-5M,FALSE,FALSE,12,4.5189,75.24,7090,2374,vindasira
Zadira,United Delet,New Ayre,1251000,10198.41,12758214286,12758214286,1-5M,FALSE,FALSE,21,4.2308,-40.428,3877,2382,zadira
Chavillar,Iquir,Acrola,6430000,1111.11,7144444444,7144444444,5-10M,TRUE,FALSE,29,4.2308,88.2,7450,2382,chavillar
Dalyar,Pelines,Acrola,10472000,2559.52,26803333333,26803333333,10-20M,TRUE,FALSE,36,3.2947,113.688,8158,2408,dalyar
Harlitak,Othya,Acrola,1957000,1087.3,2127849206,2127849206,1-5M,TRUE,FALSE,19,2.6105,103.932,7887,2427,harlitak
Luzparan,Taval,Massir,1729000,10634.92,18387777778,18387777778,1-5M,FALSE,FALSE,22,2.3945,60.336,6676,2433,luzparan
Caminastra,Taval,Massir,1635000,10634.92,17388095238,17388095238,1-5M,FALSE,FALSE,22,2.2144,65.7,6825,2438,caminastra
Lunavati,Hkuqo,Ayuma,1110000,2936.51,3259523810,3259523810,1-5M,FALSE,FALSE,11,2.0704,76.68,7130,2442,lunavati
Tamalpura,Taval,Massir,5320000,10634.92,56577777778,56577777778,5-10M,FALSE,FALSE,45,1.9624,67.14,6865,2445,tamalpura
Tanshivar,Taval,Massir,1174000,10634.92,12485396825,12485396825,1-5M,FALSE,FALSE,20,1.7824,58.572,6627,2450,tanshivar
Vidadesh,Taval,Massir,1554000,10634.92,16526666667,16526666667,1-5M,FALSE,FALSE,21,1.5303,69.948,6943,2457,vidadesh
Zolittique,Taniduna,Acrola,5650000,234.13,1322817460,1322817460,5-10M,TRUE,FALSE,27,0.9542,90.792,7522,2473,zolittique
Pelviret,Taniduna,Acrola,1906000,234.13,446246032,446246032,1-5M,FALSE,FALSE,12,-0.198,83.808,7328,2505,pelviret
Vesnadi,Taval,Massir,1614000,10634.92,17164761905,17164761905,1-5M,FALSE,FALSE,20,-0.4861,62.748,6743,2513,vesnadi
Suraspa,Taval,Massir,3652000,10634.92,38838730159,38838730159,1-5M,TRUE,FALSE,36,-1.3143,53.64,6490,2536,suraspa
Bhanquillo,Taval,Massir,1173000,10634.92,12474761905,12474761905,1-5M,FALSE,FALSE,20,-1.3503,54.72,6520,2537,bhanquillo
Arokdan,Pelines,Acrola,1457000,2559.52,3729226190,3729226190,1-5M,FALSE,FALSE,11,-2.5385,109.692,8047,2570,arokdan
Frevinta,Ucrua,Massir,1073000,1658.73,1779817460,1779817460,1-5M,TRUE,FALSE,16,-2.7185,69.3,6925,2575,frevinta
Fermahal,Ucrua,Massir,3890000,1658.73,6452460317,6452460317,1-5M,FALSE,FALSE,18,-2.9706,63.648,6768,2582,fermahal
Yagmosantri,Pelines,Acrola,3836000,2559.52,9818333333,9818333333,1-5M,FALSE,FALSE,18,-2.9706,112.68,8130,2582,yagmosantri
Zambhori,Viussi,Acrola,1168000,1337.3,1561968254,1561968254,1-5M,TRUE,FALSE,17,-3.1506,103.5,7875,2587,zambhori
Hirvani,Umarcia,New Ayre,2860000,6031.75,17250793651,17250793651,1-5M,TRUE,FALSE,24,-3.6187,-32.58,4095,2600,hirvani
Dulravi,Jshain,Acrola,1197000,2904.76,3477000000,3477000000,1-5M,FALSE,FALSE,11,-4.1588,80.928,7248,2615,dulravi
Tovani,Mendereide,New Ayre,3379000,6309.52,21319880952,21319880952,1-5M,TRUE,FALSE,25,-4.2308,-10.98,4695,2617,tovani
Tijhara,Haiza,Massir,1215000,9325.4,11330357143,11330357143,1-5M,FALSE,FALSE,20,-4.4109,76.14,7115,2622,tijhara
Damsiri,Isari,New Ayre,1072000,7222.22,7742222222,7742222222,1-5M,TRUE,FALSE,22,-4.6629,-0.396,4989,2629,damsiri
Obelinti,Deschon,Acrola,3688000,1821.43,6717428571,6717428571,1-5M,TRUE,FALSE,22,-4.843,115.776,8216,2634,obelinti
Maphinde,Rijan Bu,Acrola,1237000,8794.02,10878199299,10878199299,1-5M,FALSE,FALSE,19,-4.807,117.828,8273,2633,maphinde
Ulamsik,Deschon,Acrola,2640000,1821.43,4808571429,4808571429,1-5M,FALSE,FALSE,15,-5.059,109.656,8046,2640,ulamsik
Hunakwe,Deschon,Acrola,2505000,1821.43,4562678571,4562678571,1-5M,FALSE,FALSE,15,-5.4911,104.94,7915,2652,hunakwe
Palnoro,Taval,Massir,2279000,10634.92,24236984127,24236984127,1-5M,FALSE,FALSE,21,-5.7431,47.664,6324,2659,palnoro
Lorasak,Erkizil,Quia,1002000,1817.46,1821095238,1821095238,1-5M,FALSE,FALSE,10,-5.8872,-142.812,1033,2663,lorasak
Evue,Iainoa,New Ayre,3842000,3642.86,13995857143,13995857143,1-5M,TRUE,FALSE,22,-6.2112,-36.072,3998,2672,evue
Savyan,Jshain,Acrola,1371000,2904.76,3982428571,3982428571,1-5M,TRUE,FALSE,17,-6.3193,81.9,7275,2675,savyan
Erosan,Erkizil,Quia,4355000,1817.46,7915039683,7915039683,1-5M,FALSE,FALSE,16,-6.4273,-145.98,945,2678,erosan
Tsalaka,Erkizil,Quia,1470000,1817.46,2671666667,2671666667,1-5M,FALSE,FALSE,11,-6.4273,-144.792,978,2678,tsalaka
Junik,Inania,Mahea,1481000,3134.92,4642817460,4642817460,1-5M,FALSE,FALSE,12,-6.4993,119.052,8307,2680,junik
Koyah,Erkizil,Quia,1474000,1817.46,2678936508,2678936508,1-5M,FALSE,FALSE,11,-6.7514,-150.372,823,2687,koyah
Iktavi,Erkizil,Quia,2791000,1817.46,5072531746,5072531746,1-5M,FALSE,FALSE,13,-6.8594,-147.672,898,2690,iktavi
Sikpah,Ztesh,Quia,1017000,3408.73,3466678571,3466678571,1-5M,FALSE,FALSE,13,-7.4355,-138.744,1146,2706,sikpah
Mirzulek,Shinam,Massir,2337000,492.06,1149952381,1149952381,1-5M,TRUE,FALSE,19,-7.5795,71.604,6989,2710,mirzulek
Wahashi,Erkizil,Quia,1822000,1817.46,3311412698,3311412698,1-5M,FALSE,FALSE,12,-7.6875,-146.952,918,2713,wahashi
Ikkat,Ztesh,Quia,3977000,3408.73,13556519841,13556519841,1-5M,FALSE,FALSE,19,-7.6875,-140.4,1100,2713,ikkat
Tuhli,Erkizil,Quia,1169000,1817.46,2124611111,2124611111,1-5M,FALSE,FALSE,11,-8.0116,-150.12,830,2722,tuhli
Meenor,Wundry,Quia,2140000,2226.19,4764047619,4764047619,1-5M,FALSE,FALSE,13,-8.1556,-130.752,1368,2726,meenor
Tiraqsi,Erkizil,Quia,16896000,1817.46,30707809524,30707809524,10-20M,TRUE,TRUE,107,-8.2276,-148.752,868,2728,tiraqsi
Reeveta,Wundry,Quia,2721000,2226.19,6057464286,6057464286,1-5M,FALSE,FALSE,15,-8.2997,-131.58,1345,2730,reeveta
Pihkosi,Ztesh,Quia,1790000,3408.73,6101626984,6101626984,1-5M,FALSE,FALSE,17,-8.3717,-135.9,1225,2732,pihkosi
Wiskot,Ztesh,Quia,8990000,3408.73,30644484127,30644484127,5-10M,FALSE,FALSE,42,-9.1998,-139.248,1132,2755,wiskot
Nakamik,Ztesh,Quia,1102000,3408.73,3756420635,3756420635,1-5M,FALSE,FALSE,15,-9.3799,-137.952,1168,2760,nakamik
Zundalor,Shinam,Massir,3853000,492.06,1895920635,1895920635,1-5M,FALSE,FALSE,17,-9.4879,69.12,6920,2763,zundalor
Reevon,Wundry,Quia,1736000,2226.19,3864666667,3864666667,1-5M,FALSE,FALSE,15,-9.5599,-128.232,1438,2765,reevon
Cairiso,Erkizil,Quia,3421000,1817.46,6217531746,6217531746,1-5M,FALSE,FALSE,16,-9.812,-145.98,945,2772,cairiso
Vellikar,Erkizil,Quia,3526000,1817.46,6408365079,6408365079,1-5M,FALSE,FALSE,15,-10.028,-144,1000,2778,vellikar
Teeneval,Wundry,Quia,1081000,2226.19,2406511905,2406511905,1-5M,FALSE,FALSE,10,-10.028,-123.228,1577,2778,teeneval
Kelvizu,Ruylku,Massir,1462000,2662.7,3892865079,3892865079,1-5M,TRUE,FALSE,17,-10.028,63.216,6756,2778,kelvizu
Lenere,Wundry,Quia,1024000,2226.19,2279619048,2279619048,1-5M,FALSE,FALSE,11,-10.1,-131.976,1334,2780,lenere
Eteska,Wundry,Quia,1818000,2226.19,4047214286,4047214286,1-5M,FALSE,FALSE,16,-10.1,-129.024,1416,2780,eteska
Chavira,Haiza,Massir,1223000,9325.4,11404960317,11404960317,1-5M,TRUE,FALSE,25,-10.4241,83.412,7317,2789,chavira
Pakikwan,Ztesh,Quia,2824000,3408.73,9626253968,9626253968,1-5M,FALSE,FALSE,22,-10.8922,-137.34,1185,2802,pakikwan
Nuhtalu,Erkizil,Quia,1122000,1817.46,2039190476,2039190476,1-5M,FALSE,FALSE,11,-11.1082,-143.532,1013,2808,nuhtalu
Shawink,Ztesh,Quia,1191000,3408.73,4059797619,4059797619,1-5M,FALSE,FALSE,14,-11.2523,-135.72,1230,2812,shawink
Enorva,Wundry,Quia,1036000,2226.19,2306333333,2306333333,1-5M,FALSE,FALSE,10,-11.4323,-123.264,1576,2817,enorva
Vereen,Wundry,Quia,1686000,2226.19,3753357143,3753357143,1-5M,FALSE,FALSE,15,-11.5403,-127.44,1460,2820,vereen
Pawik,Ztesh,Quia,1052000,3408.73,3585984127,3585984127,1-5M,FALSE,FALSE,13,-11.6123,-134.712,1258,2822,pawik
Kivalin,Quidic,Quia,2021000,5000,10105000000,10105000000,1-5M,FALSE,FALSE,17,-11.7203,-147.852,893,2825,kivalin
Yoteka,Ztesh,Quia,1514000,3408.73,5160817460,5160817460,1-5M,FALSE,FALSE,13,-11.8284,-140.832,1088,2828,yoteka
Keeter,Wundry,Quia,1319000,2226.19,2936345238,2936345238,1-5M,FALSE,FALSE,11,-12.0804,-123.912,1558,2835,keeter
Tiyotik,Ztesh,Quia,2433000,3408.73,8293440476,8293440476,1-5M,FALSE,FALSE,17,-12.1524,-141.732,1063,2837,tiyotik
Eserni,Wundry,Quia,8880000,2226.19,19768571429,19768571429,5-10M,FALSE,FALSE,25,-12.2605,-122.652,1593,2840,eserni
Teveme,Wundry,Quia,6650000,2226.19,14804166667,14804166667,5-10M,TRUE,FALSE,27,-12.4405,-126.936,1474,2845,teveme
Varnai,Ashain,Quia,3948000,12738.1,50290000000,50290000000,1-5M,FALSE,FALSE,33,-12.6925,-166.392,378,2852,varnai
Zekrah,Quidic,Quia,1358000,5000,6790000000,6790000000,1-5M,FALSE,FALSE,14,-12.7285,-147.96,890,2853,zekrah
Morzelka,Oscairia,Massir,3905000,1511.9,5903988095,5903988095,1-5M,TRUE,FALSE,21,-12.7285,61.308,6703,2853,morzelka
Seevera,Wundry,Quia,1680000,2226.19,3740000000,3740000000,1-5M,FALSE,FALSE,14,-12.8006,-125.352,1518,2855,seevera
Dunora,Quidic,Quia,1182000,5000,5910000000,5910000000,1-5M,FALSE,FALSE,13,-12.9086,-146.052,943,2858,dunora
Zinthi,Inania,Mahea,1168000,3134.92,3661587302,3661587302,1-5M,FALSE,FALSE,11,-13.0886,105.588,7933,2863,zinthi
Nimitik,Ztesh,Quia,2226000,3408.73,7587833333,7587833333,1-5M,FALSE,FALSE,23,-13.1606,-137.484,1181,2865,nimitik
Kaskis,Ztesh,Quia,3664000,3408.73,12489587302,12489587302,1-5M,FALSE,FALSE,29,-13.5207,-129.348,1407,2875,kaskis
Taylan,Inania,Mahea,1092000,3134.92,3423333333,3423333333,1-5M,FALSE,FALSE,11,-13.6287,120.852,8357,2878,taylan
Hondir,Inania,Mahea,2822000,3134.92,8846746032,8846746032,1-5M,FALSE,FALSE,18,-13.7728,114.228,8173,2882,hondir
Mikiw,Ztesh,Quia,1007000,3408.73,3432591270,3432591270,1-5M,FALSE,FALSE,13,-13.9528,-133.488,1292,2887,mikiw
Czarnulek,Oscairia,Massir,1179000,1511.9,1782535714,1782535714,1-5M,FALSE,FALSE,11,-13.9888,69.336,6926,2888,czarnulek
Zanir,Inania,Mahea,1381000,3134.92,4329325397,4329325397,1-5M,FALSE,FALSE,13,-13.9888,107.532,7987,2888,zanir
Oposkwe,Ztesh,Quia,3022000,3408.73,10301182540,10301182540,1-5M,FALSE,FALSE,21,-14.1688,-124.74,1535,2893,oposkwe
Rikotha,Quidic,Quia,1542000,5000,7710000000,7710000000,1-5M,FALSE,FALSE,16,-14.3129,-143.352,1018,2897,rikotha
Ashkik,Ztesh,Quia,4140000,3408.73,14112142857,14112142857,1-5M,FALSE,FALSE,23,-14.5289,-126.288,1492,2903,ashkik
Ratsom,Ztesh,Quia,7100000,3408.73,24201984127,24201984127,5-10M,FALSE,FALSE,42,-14.6729,-138.132,1163,2907,ratsom
Quinliya,Dahe,Massir,1012000,10754.97,10884027873,10884027873,1-5M,FALSE,FALSE,21,-14.961,58.608,6628,2915,quinliya
Toska,Ztesh,Quia,1309000,3408.73,4462027778,4462027778,1-5M,FALSE,FALSE,15,-15.141,-132.408,1322,2920,toska
Oshkari,Quidic,Quia,2080000,5000,10400000000,10400000000,1-5M,FALSE,FALSE,18,-15.2851,-140.328,1102,2924,oshkari
Tewiik,Ztesh,Quia,1062000,3408.73,3620071429,3620071429,1-5M,FALSE,FALSE,15,-15.3211,-128.448,1432,2925,tewiik
Nakos,Ztesh,Quia,25222000,3408.73,85974992063,85974992063,>20M,TRUE,TRUE,125,-15.5011,-133.56,1290,2930,nakos
Kokema,North Ayre,Massir,1438000,10515.87,15121825397,15121825397,1-5M,TRUE,FALSE,26,-15.5731,14.256,5396,2932,kokema
Ashwok,Ztesh,Quia,1099000,3408.73,3746194444,3746194444,1-5M,FALSE,FALSE,14,-15.6091,-137.88,1170,2933,ashwok
Sikwan,Ztesh,Quia,1123000,3408.73,3828003968,3828003968,1-5M,FALSE,FALSE,16,-15.6091,-135.72,1230,2933,sikwan
Takhna,Ztesh,Quia,9860000,3408.73,33610079365,33610079365,5-10M,FALSE,FALSE,44,-15.6091,-131.112,1358,2933,takhna
Yolan,Inania,Mahea,3880000,3134.92,12163492063,12163492063,1-5M,FALSE,FALSE,19,-15.6451,110.196,8061,2934,yolan
Nekwasa,Ztesh,Quia,1159000,3408.73,3950718254,3950718254,1-5M,FALSE,FALSE,13,-15.6811,-124.2,1550,2935,nekwasa
Kavato,Quidic,Quia,1681000,5000,8405000000,8405000000,1-5M,FALSE,FALSE,17,-15.7532,-145.188,967,2937,kavato
Pakoska,Ztesh,Quia,1042000,3408.73,3551896825,3551896825,1-5M,FALSE,FALSE,12,-16.1132,-128.772,1423,2947,pakoska
Mihkose,Ztesh,Quia,15333000,3408.73,52266059524,52266059524,10-20M,FALSE,TRUE,111,-16.2933,-123.48,1570,2952,mihkose
Horamtu,Ahokini,Quia,1371000,23174.6,31772380952,31772380952,1-5M,FALSE,FALSE,34,-16.3293,-158.256,604,2953,horamtu
Takamik,Ztesh,Quia,1060000,3408.73,3613253968,3613253968,1-5M,FALSE,FALSE,13,-16.4733,-133.272,1298,2957,takamik
Kenriko,Ashain,Quia,1690000,12738.1,21527380952,21527380952,1-5M,FALSE,FALSE,23,-16.4733,165.312,9592,2957,kenriko
Ribash,Ahokini,Quia,3803000,23174.6,88133015873,88133015873,1-5M,TRUE,FALSE,63,-16.5813,-149.58,845,2960,ribash
Tewapik,Ztesh,Quia,1763000,3408.73,6009591270,6009591270,1-5M,FALSE,FALSE,17,-16.8334,-123.48,1570,2967,tewapik
Zabantuq,Dahe,Massir,1021000,10754.97,10980822587,10980822587,1-5M,FALSE,FALSE,20,-17.0494,54.972,6527,2973,zabantuq
Viltira,Quidic,Quia,1171000,5000,5855000000,5855000000,1-5M,FALSE,FALSE,15,-17.1934,-144.72,980,2977,viltira
Zanikwa,Ztesh,Quia,1317000,3408.73,4489297619,4489297619,1-5M,FALSE,FALSE,14,-17.3015,-125.64,1510,2980,zanikwa
Talvani,Quidic,Quia,19281000,5000,96405000000,96405000000,10-20M,TRUE,TRUE,126,-17.4095,-140.94,1085,2983,talvani
Mikway,Ztesh,Quia,1175000,3408.73,4005257937,4005257937,1-5M,FALSE,FALSE,14,-17.3375,-136.368,1212,2981,mikway
Bardin,Rtesania,Mahea,1044000,888.89,928000000,928000000,1-5M,TRUE,FALSE,16,-17.4095,103.608,7878,2983,bardin
Sakitho,Ztesh,Quia,1365000,3408.73,4652916667,4652916667,1-5M,FALSE,FALSE,13,-17.4095,-123.66,1565,2983,sakitho
Likorin,Quidic,Quia,1497000,5000,7485000000,7485000000,1-5M,FALSE,FALSE,16,-17.4815,-142.308,1047,2985,likorin
Lusvani,Ashain,Quia,2011000,12738.1,25616309524,25616309524,1-5M,FALSE,FALSE,23,-17.4815,150.84,9190,2985,lusvani
Liroska,Inania,Mahea,1358000,3134.92,4257222222,4257222222,1-5M,FALSE,FALSE,15,-17.5535,110.088,8058,2987,liroska
Vekti,Inania,Mahea,1002000,3134.92,3141190476,3141190476,1-5M,FALSE,FALSE,13,-17.5535,113.328,8148,2987,vekti
Jiloth,Inania,Mahea,1822000,3134.92,5711825397,5711825397,1-5M,FALSE,FALSE,12,-17.6975,122.796,8411,2991,jiloth
Nihara,Quidic,Quia,1968000,5000,9840000000,9840000000,1-5M,FALSE,FALSE,18,-17.7335,-143.388,1017,2992,nihara
Kaitriss,Ashain,Quia,4941000,12738.1,62938928571,62938928571,1-5M,FALSE,FALSE,36,-17.7335,148.644,9129,2992,kaitriss
Makahk,Ztesh,Quia,2069000,3408.73,7052662698,7052662698,1-5M,FALSE,FALSE,16,-17.7696,-126.72,1480,2993,makahk
Pelfen,Ashain,Quia,4855000,12738.1,61843452381,61843452381,1-5M,FALSE,FALSE,33,-17.9136,156.888,9358,2997,pelfen
Fashti,Inania,Mahea,18819000,3134.92,58996071429,58996071429,10-20M,TRUE,TRUE,126,-18.0216,108.648,8018,3000,fashti
Yrelth,Inania,Mahea,1214000,3134.92,3805793651,3805793651,1-5M,FALSE,FALSE,16,-18.4537,107.784,7994,3012,yrelth
Varnan,Inania,Mahea,9010000,3134.92,28245634921,28245634921,5-10M,FALSE,FALSE,32,-18.4537,121.392,8372,3012,varnan
Fenkai,Verste,Quia,1407000,10119.05,14237500000,14237500000,1-5M,FALSE,FALSE,20,-18.7417,-147.96,890,3020,fenkai
Zinlor,Ashain,Quia,2580000,12738.1,32864285714,32864285714,1-5M,FALSE,FALSE,24,-18.7417,156.852,9357,3020,zinlor
Darnai,Ashain,Quia,1142000,12738.1,14546904762,14546904762,1-5M,FALSE,FALSE,22,-18.9938,150.912,9192,3027,darnai
Sjoran,Ashain,Quia,14751000,12738.1,187899642857,187899642857,10-20M,TRUE,TRUE,121,-19.1378,156.24,9340,3031,sjoran
Xalar,Verste,Quia,1233000,10119.05,12476785714,12476785714,1-5M,FALSE,FALSE,19,-19.2098,-150.768,812,3033,xalar
Zavrik,Inania,Mahea,1241000,3134.92,3890436508,3890436508,1-5M,FALSE,FALSE,14,-19.2819,113.868,8163,3035,zavrik
Parloth,Yihnurda,Quia,1394000,1706.35,2378650794,2378650794,1-5M,TRUE,FALSE,17,-19.3539,-136.728,1202,3037,parloth
Kastra,Inania,Mahea,1359000,3134.92,4260357143,4260357143,1-5M,FALSE,FALSE,15,-19.4259,108.36,8010,3039,kastra
Mikori,Quidic,Quia,6100000,5000,30500000000,30500000000,5-10M,FALSE,FALSE,28,-19.5339,-145.98,945,3042,mikori
Yorvex,Ashain,Quia,2812000,12738.1,35819523810,35819523810,1-5M,FALSE,FALSE,24,-19.5339,152.388,9233,3042,yorvex
Mouyein,Dahe,Massir,1231000,10754.97,13239365921,13239365921,1-5M,FALSE,FALSE,21,-19.6419,53.712,6492,3045,mouyein
Tovsagaan,Anymna,Quia,3066000,10753.97,32971666667,32971666667,1-5M,FALSE,FALSE,26,-20.2901,-115.2,1800,3063,tovsagaan
Khureldai,Anymna,Quia,3302000,10753.97,35509603175,35509603175,1-5M,TRUE,FALSE,39,-20.3621,-117.072,1748,3065,khureldai
Kirvok,Inania,Mahea,2149000,3134.92,6736944444,6736944444,1-5M,FALSE,FALSE,15,-20.3981,103.86,7885,3066,kirvok
Mendri,Verste,Quia,2330000,10119.05,23577380952,23577380952,1-5M,FALSE,FALSE,24,-20.6501,-149.04,860,3073,mendri
Swandor,Inania,Mahea,1996000,3134.92,6257301587,6257301587,1-5M,FALSE,FALSE,17,-20.7942,105.372,7927,3077,swandor
Khamri,Pelugrotoa,Mahea,4908000,11861.11,58214333333,58214333333,1-5M,FALSE,FALSE,47,-20.7942,122.94,8415,3077,khamri
Altorg,Anymna,Quia,1388000,10753.97,14926507937,14926507937,1-5M,FALSE,FALSE,20,-20.9022,-119.52,1680,3080,altorg
Lokren,Inania,Mahea,1959000,3134.92,6141309524,6141309524,1-5M,FALSE,FALSE,17,-20.9022,107.568,7988,3080,lokren
Prystr Hii,Prystr Hii,Massir,2647000,30992.06,82035992063,82035992063,1-5M,TRUE,FALSE,84,-21.0822,49.608,6378,3085,prystr-hii
Fengzolu,Dahe,Massir,2256000,10754.97,24263208381,24263208381,1-5M,FALSE,FALSE,25,-21.1902,61.308,6703,3088,fengzolu
Ralut,Verste,Quia,7650000,10119.05,77410714286,77410714286,5-10M,FALSE,FALSE,47,-21.2623,-148.32,880,3090,ralut
Xianqalu,Dahe,Massir,3458000,10754.97,37190680222,37190680222,1-5M,FALSE,FALSE,29,-21.4063,48.996,6361,3094,xianqalu
Vurekh,Anymna,Quia,2486000,10753.97,26734365079,26734365079,1-5M,FALSE,FALSE,26,-21.4423,-103.572,2123,3095,vurekh
Yinbari,Dahe,Massir,2848000,10754.97,30630149587,30630149587,1-5M,FALSE,FALSE,29,-21.5143,54.36,6510,3097,yinbari
Zhwaziko,Dahe,Massir,5020000,10754.97,53989940635,53989940635,5-10M,FALSE,FALSE,39,-21.5863,50.4,6400,3099,zhwaziko
Shinlotha,Dahe,Massir,13042000,10754.97,140266295968,140266295968,10-20M,FALSE,TRUE,148,-21.5503,51.12,6420,3098,shinlotha
Kebenta,Oyreain,Massir,1031000,8055.56,8305277778,8305277778,1-5M,FALSE,FALSE,17,-21.9464,28.728,5798,3109,kebenta
Dambulo,Dahe,Massir,1101000,10754.97,11841220048,11841220048,1-5M,FALSE,FALSE,20,-22.1624,57.708,6603,3115,dambulo
Amrata,Sivoso,Mahea,1448000,3702.38,5361047619,5361047619,1-5M,TRUE,FALSE,18,-22.1624,85.932,7387,3115,amrata
Syntar,Inania,Mahea,1137000,3134.92,3564404762,3564404762,1-5M,FALSE,FALSE,11,-22.2705,109.764,8049,3118,syntar
Tselengbo,Dahe,Massir,1101000,10754.97,11841220048,11841220048,1-5M,FALSE,FALSE,21,-22.3425,53.964,6499,3120,tselengbo
Dumemzi,Dahe,Massir,4396000,10754.97,47278840444,47278840444,1-5M,FALSE,FALSE,33,-22.5945,48.6,6350,3127,dumemzi
Jirakai,Sivoso,Mahea,1499000,3702.38,5549869048,5549869048,1-5M,FALSE,FALSE,13,-22.7746,84.312,7342,3132,jirakai
Sutrah,Verste,Quia,1597000,10119.05,16160119048,16160119048,1-5M,FALSE,FALSE,20,-23.2426,-150.228,827,3145,sutrah
Wuyani,Dahe,Massir,1239000,10754.97,13325405667,13325405667,1-5M,FALSE,FALSE,21,-23.4227,59.076,6641,3150,wuyani
Xhalenti,Dahe,Massir,1059000,10754.97,11389511381,11389511381,1-5M,FALSE,FALSE,20,-23.5307,62.46,6735,3153,xhalenti
Benzanqi,Dahe,Massir,1175000,10754.97,12637087698,12637087698,1-5M,FALSE,FALSE,22,-23.5307,55.008,6528,3153,benzanqi
Bongyu,Dahe,Massir,1594000,10754.97,17143419397,17143419397,1-5M,FALSE,FALSE,22,-23.7107,51.192,6422,3158,bongyu
Kaimlo,Verste,Quia,1283000,10119.05,12982738095,12982738095,1-5M,TRUE,FALSE,26,-24.0348,-149.832,838,3167,kaimlo
Tarnokh,Pelugrotoa,Mahea,1812000,11861.11,21492333333,21492333333,1-5M,FALSE,FALSE,29,-24.0348,128.808,8578,3167,tarnokh
Otkiru,Sunsokua,Mahea,1138000,12579.37,14315317460,14315317460,1-5M,FALSE,FALSE,22,-24.3229,135.612,8767,3175,otkiru
Gavriko,Verste,Quia,2799000,10119.05,28323214286,28323214286,1-5M,FALSE,FALSE,23,-24.3949,-152.28,770,3177,gavriko
Katanir,Sunsokua,Mahea,4002000,12579.37,50342619048,50342619048,1-5M,FALSE,FALSE,37,-24.4309,133.92,8720,3178,katanir
Zulongai,Dahe,Massir,2842000,10754.97,30565619778,30565619778,1-5M,FALSE,FALSE,36,-24.971,58.608,6628,3193,zulongai
Wekhalu,Dahe,Massir,5100000,10754.97,54850338095,54850338095,5-10M,FALSE,FALSE,46,-24.971,48.06,6335,3193,wekhalu
Jalinth,Pelugrotoa,Mahea,1920000,11861.11,22773333333,22773333333,1-5M,FALSE,FALSE,29,-25.115,114.732,8187,3197,jalinth
Lupenzhao,Dahe,Massir,1101000,10754.97,11841220048,11841220048,1-5M,FALSE,FALSE,21,-25.151,63.828,6773,3198,lupenzhao
Hishara,Finae,Quia,2240000,10793.65,24177777778,24177777778,1-5M,TRUE,FALSE,29,-25.223,-82.512,2708,3200,hishara
Walsi,Oyreain,Massir,1042000,8055.56,8393888889,8393888889,1-5M,FALSE,FALSE,17,-25.223,34.128,5948,3200,walsi
Kailan,Finae,Quia,1218000,10793.65,13146666667,13146666667,1-5M,FALSE,FALSE,21,-25.3671,-80.856,2754,3204,kailan
Senkal,Sunsokua,Mahea,1189000,12579.37,14956865079,14956865079,1-5M,FALSE,FALSE,22,-25.3311,136.692,8797,3203,senkal
Mirek,Pelugrotoa,Mahea,3916000,11861.11,46448111111,46448111111,1-5M,FALSE,FALSE,36,-25.4031,112.968,8138,3205,mirek
Haldinji,Dahe,Massir,4197000,10754.97,45138601762,45138601762,1-5M,FALSE,FALSE,45,-25.4751,59.868,6663,3207,haldinji
Yamaru,Sunsokua,Mahea,1190000,12579.37,14969444444,14969444444,1-5M,FALSE,FALSE,22,-25.5111,138.492,8847,3208,yamaru
Mwenziqi,Dahe,Massir,1102000,10754.97,11851975016,11851975016,1-5M,FALSE,FALSE,22,-25.8352,51.912,6442,3217,mwenziqi
Thavrin,Pelugrotoa,Mahea,14838000,11861.11,175995166667,175995166667,10-20M,TRUE,TRUE,197,-25.9792,115.416,8206,3221,thavrin
Trelmar,Pelugrotoa,Mahea,1427000,11861.11,16925805556,16925805556,1-5M,FALSE,FALSE,24,-26.0152,109.8,8050,3222,trelmar
Khuazhin,Dahe,Massir,1462000,10754.97,15723763587,15723763587,1-5M,FALSE,FALSE,21,-26.1232,63.9,6775,3225,khuazhin
Muzhara,Sunsokua,Mahea,1321000,12579.37,16617341270,16617341270,1-5M,FALSE,FALSE,22,-26.1232,134.928,8748,3225,muzhara
Velkai,Sunsokua,Mahea,1681000,12579.37,21145912698,21145912698,1-5M,FALSE,FALSE,25,-26.1952,133.2,8700,3227,velkai
Balsor,Pelugrotoa,Mahea,3409000,11861.11,40434527778,40434527778,1-5M,FALSE,FALSE,49,-26.2673,129.06,8585,3229,balsor
Togoro,Oyreain,Massir,1319000,8055.56,10625277778,10625277778,1-5M,FALSE,FALSE,17,-26.3033,38.34,6065,3230,togoro
Zitbajo,Dahe,Massir,1728000,10754.97,18584585143,18584585143,1-5M,FALSE,FALSE,23,-26.3033,47.7,6325,3230,zitbajo
Tayolum,Dahe,Massir,1017000,10754.97,10937802714,10937802714,1-5M,FALSE,FALSE,21,-26.4113,67.392,6872,3233,tayolum
Velkhor,Pelugrotoa,Mahea,4506000,11861.11,53446166667,53446166667,1-5M,FALSE,FALSE,36,-26.4113,117.252,8257,3233,velkhor
Rivik,Pelugrotoa,Mahea,1203000,11861.11,14268916667,14268916667,1-5M,FALSE,FALSE,23,-26.4833,130.5,8625,3235,rivik
Zajkovi,Etretes,Massir,1105000,22896.83,25300992063,25300992063,1-5M,TRUE,FALSE,39,-26.6633,72.972,7027,3240,zajkovi
Zimbelo,Dahe,Massir,1762000,10754.97,18950254063,18950254063,1-5M,FALSE,FALSE,25,-26.7353,55.08,6530,3242,zimbelo
Xuqilin,Dahe,Massir,13463000,10754.97,144794137603,144794137603,10-20M,FALSE,TRUE,162,-26.8074,51.372,6427,3244,xuqilin
Sileth,Pelugrotoa,Mahea,1990000,11861.11,23603611111,23603611111,1-5M,FALSE,FALSE,32,-26.8434,125.568,8488,3245,sileth
Dorav,Pelugrotoa,Mahea,1008000,11861.11,11956000000,11956000000,1-5M,FALSE,FALSE,24,-27.0954,116.604,8239,3252,dorav
Liwaya,Dahe,Massir,1095000,10754.97,11776690238,11776690238,1-5M,FALSE,FALSE,21,-27.1314,62.28,6730,3253,liwaya
Alubri City,Emara,Ayuma,1291000,23214.29,29969642857,29969642857,1-5M,FALSE,FALSE,36,-27.2755,81.432,7262,3257,alubri-city
Harkanto,Dahe,Massir,9740000,10754.97,104753390794,104753390794,5-10M,FALSE,FALSE,109,-27.3115,57.24,6590,3258,harkanto
Zhawengu,Dahe,Massir,1005000,10754.97,10808743095,10808743095,1-5M,FALSE,FALSE,19,-27.3835,59.328,6648,3260,zhawengu
Nabruik,Lieri,Mahea,4375000,928.57,4062500000,4062500000,1-5M,TRUE,FALSE,22,-27.3835,102.132,7837,3260,nabruik
Bombo,Oyreain,Massir,1170000,8055.56,9425000000,9425000000,1-5M,FALSE,FALSE,18,-27.4555,40.428,6123,3262,bombo
Rizhouka,Dahe,Massir,1034000,10754.97,11120637175,11120637175,1-5M,FALSE,FALSE,21,-27.4555,66.06,6835,3262,rizhouka
Vreshin,Pelugrotoa,Mahea,1030000,11861.11,12216944444,12216944444,1-5M,FALSE,FALSE,25,-27.6355,120.744,8354,3267,vreshin
Tshenuza,Dahe,Massir,7430000,10754.97,79909414127,79909414127,5-10M,FALSE,FALSE,89,-27.6715,53.208,6478,3268,tshenuza
Pirozu,Sunsokua,Mahea,1058000,12579.37,13308968254,13308968254,1-5M,FALSE,FALSE,22,-27.6715,139.5,8875,3268,pirozu
Veshtak,Pelugrotoa,Mahea,9500000,11861.11,112680555556,112680555556,5-10M,FALSE,FALSE,103,-27.7435,120.276,8341,3270,veshtak
Zilvak,Pelugrotoa,Mahea,7540000,11861.11,89432777778,89432777778,5-10M,FALSE,FALSE,68,-27.8156,108.18,8005,3272,zilvak
Lorvik,Pelugrotoa,Mahea,1147000,11861.11,13604694444,13604694444,1-5M,FALSE,FALSE,24,-27.9236,104.328,7898,3275,lorvik
Rokaba,Oyreain,Massir,1164000,8055.56,9376666667,9376666667,1-5M,FALSE,FALSE,17,-28.0316,37.98,6055,3278,rokaba
Kharim,Pelugrotoa,Mahea,1121000,11861.11,13296305556,13296305556,1-5M,FALSE,FALSE,24,-28.1036,127.476,8541,3280,kharim
Qianzo,Dahe,Massir,8650000,10754.97,93030475397,93030475397,5-10M,FALSE,FALSE,89,-28.2837,47.34,6315,3285,qianzo
Balsheke,Dahe,Massir,3488000,10754.97,37513329270,37513329270,1-5M,FALSE,FALSE,43,-28.2837,56.448,6568,3285,balsheke
Huxongi,Dahe,Massir,1350000,10754.97,14519207143,14519207143,1-5M,FALSE,FALSE,22,-28.3557,51.588,6433,3287,huxongi
Mikalu,Sunsokua,Mahea,8430000,12579.37,106044047619,106044047619,5-10M,TRUE,TRUE,119,-28.3557,138.492,8847,3287,mikalu
Viralna,Verste,Quia,2528000,10119.05,25580952381,25580952381,1-5M,FALSE,FALSE,23,-28.3917,-153.36,740,3288,viralna
Veshro,Pelugrotoa,Mahea,2797000,11861.11,33175527778,33175527778,1-5M,FALSE,FALSE,36,-28.3917,109.8,8050,3288,veshro
Foreba,Oyreain,Massir,3672000,8055.56,29580000000,29580000000,1-5M,FALSE,FALSE,24,-28.4637,41.292,6147,3290,foreba
Silka,Trian,Mahea,1106000,15515.87,17160555556,17160555556,1-5M,FALSE,FALSE,26,-28.5357,83.16,7310,3292,silka
Shasweli,Sanagara,Massir,1708000,15277.78,26094444444,26094444444,1-5M,FALSE,FALSE,28,-28.6437,43.128,6198,3295,shasweli
Slarim,Pelugrotoa,Mahea,1005000,11861.11,11920416667,11920416667,1-5M,FALSE,FALSE,26,-28.6437,119.52,8320,3295,slarim
Mansek,Seytinemas,Mahea,1359000,10992.06,14938214286,14938214286,1-5M,FALSE,FALSE,20,-28.7518,93.348,7593,3298,mansek
Hikrum,Sunsokua,Mahea,10257000,12579.37,129026547619,129026547619,10-20M,FALSE,FALSE,78,-28.7518,133.02,8695,3298,hikrum
Bintarha,Sanagara,Massir,1126000,15277.78,17202777778,17202777778,1-5M,FALSE,FALSE,25,-28.8958,45,6250,3302,bintarha
Todorac,Etretes,Massir,2897000,22896.83,66332103175,66332103175,1-5M,FALSE,FALSE,45,-28.8958,82.332,7287,3302,todorac
Shiruna,Sunsokua,Mahea,2695000,12579.37,33901388889,33901388889,1-5M,FALSE,FALSE,34,-28.8958,137.952,8832,3302,shiruna
Bolanzi,Dahe,Massir,3306000,10754.97,35555925048,35555925048,1-5M,FALSE,FALSE,37,-28.9318,49.788,6383,3303,bolanzi
Dalotza,Dahe,Massir,1218000,10754.97,13099551333,13099551333,1-5M,FALSE,FALSE,20,-29.0038,59.148,6643,3305,dalotza
Jinbayo,Dahe,Massir,1156000,10754.97,12432743302,12432743302,1-5M,FALSE,FALSE,21,-29.0758,63.72,6770,3307,jinbayo
Yetembo,Oyreain,Massir,1467000,8055.56,11817500000,11817500000,1-5M,TRUE,FALSE,24,-29.1118,39.852,6107,3308,yetembo
Fekhalai,Dahe,Massir,42488000,10754.97,456957091175,456957091175,>20M,FALSE,TRUE,266,-29.1838,47.52,6320,3310,fekhalai
Vansor,Pelugrotoa,Mahea,1012000,11861.11,12003444444,12003444444,1-5M,FALSE,FALSE,24,-29.2559,115.488,8208,3312,vansor
Tairim,Pelugrotoa,Mahea,2050000,11861.11,24315277778,24315277778,1-5M,FALSE,FALSE,33,-29.2559,122.58,8405,3312,tairim
Kalvor,Pelugrotoa,Mahea,3117000,11861.11,36971083333,36971083333,1-5M,FALSE,FALSE,38,-29.2919,108.108,8003,3313,kalvor
Mankat,Finae,Quia,3246000,10793.65,35036190476,35036190476,1-5M,FALSE,FALSE,24,-29.3639,-82.26,2715,3315,mankat
Treka,Trian,Mahea,2771000,15515.87,42994484127,42994484127,1-5M,TRUE,FALSE,43,-29.5439,85.86,7385,3320,treka
Sodaru,Sunsokua,Mahea,1062000,12579.37,13359285714,13359285714,1-5M,FALSE,FALSE,24,-29.6159,132.768,8688,3322,sodaru
Koyaya,Sanagara,Massir,8320000,15277.78,127111111111,127111111111,5-10M,TRUE,TRUE,130,-29.832,42.48,6180,3328,koyaya
Merlan,Seytinemas,Mahea,1095000,10992.06,12036309524,12036309524,1-5M,FALSE,FALSE,21,-29.796,98.712,7742,3327,merlan
Pothin,Pelugrotoa,Mahea,5430000,11861.11,64405833333,64405833333,5-10M,FALSE,FALSE,60,-29.904,122.94,8415,3330,pothin
Xingalu,Dahe,Massir,1671000,10754.97,17971551952,17971551952,1-5M,FALSE,FALSE,22,-29.976,52.2,6450,3332,xingalu
Dzhonlo,Dahe,Massir,7880000,10754.97,84749149841,84749149841,5-10M,FALSE,FALSE,107,-30.084,55.98,6555,3335,dzhonlo
Lunmar,Seytinemas,Mahea,1438000,10992.06,15806587302,15806587302,1-5M,FALSE,FALSE,23,-30.084,104.436,7901,3335,lunmar
Mukaziya,Dahe,Massir,1877000,10754.97,20187075413,20187075413,1-5M,FALSE,FALSE,26,-30.156,62.568,6738,3337,mukaziya
Sarnin,Pelugrotoa,Mahea,1196000,11861.11,14185888889,14185888889,1-5M,FALSE,FALSE,25,-30.12,126.54,8515,3336,sarnin
Pakram,Sunsokua,Mahea,1952000,12579.37,24554920635,24554920635,1-5M,FALSE,FALSE,27,-30.192,137.088,8808,3338,pakram
Erkadu,Myla,Quia,5210000,7341.27,38248015873,38248015873,5-10M,TRUE,FALSE,29,-30.3361,-83.664,2676,3342,erkadu
Kholisha,Dahe,Massir,1244000,10754.97,13379180508,13379180508,1-5M,FALSE,FALSE,21,-30.3361,48.672,6352,3342,kholisha
Jinzuku,Dahe,Massir,2964000,10754.97,31877725905,31877725905,1-5M,FALSE,FALSE,33,-30.3361,54.9,6525,3342,jinzuku
Jalenek,Sunsokua,Mahea,4034000,12579.37,50745158730,50745158730,1-5M,FALSE,FALSE,40,-30.3361,140.22,8895,3342,jalenek
Gwenliya,Dahe,Massir,3774000,10754.97,40589250190,40589250190,1-5M,FALSE,FALSE,45,-30.4441,57.42,6595,3345,gwenliya
Olkar,Pelugrotoa,Mahea,1185000,11861.11,14055416667,14055416667,1-5M,FALSE,FALSE,25,-30.4441,112.032,8112,3345,olkar
Jokla,Myla,Quia,1557000,7341.27,11430357143,11430357143,1-5M,FALSE,FALSE,18,-30.6241,-87.048,2582,3350,jokla
Havok,Pelugrotoa,Mahea,22650000,11861.11,268654166667,268654166667,>20M,FALSE,TRUE,173,-30.7321,123.876,8441,3353,havok
Pungzolai,Dahe,Massir,3954000,10754.97,42525144476,42525144476,1-5M,FALSE,FALSE,46,-30.9122,58.32,6620,3358,pungzolai
Tarvic,Seytinemas,Mahea,2981000,10992.06,32767341270,32767341270,1-5M,FALSE,FALSE,32,-30.9122,96.228,7673,3358,tarvic
Yenzhazi,Dahe,Massir,1644000,10754.97,17681167810,17681167810,1-5M,FALSE,FALSE,23,-31.0562,53.532,6487,3362,yenzhazi
Beylok,Pelugrotoa,Mahea,4746000,11861.11,56292833333,56292833333,1-5M,FALSE,FALSE,46,-31.0562,107.82,7995,3362,beylok
Vukwazi,Dahe,Massir,10042000,10754.97,108001391206,108001391206,10-20M,FALSE,FALSE,130,-31.0922,49.32,6370,3363,vukwazi
Rathghat,Sanagara,Massir,1818000,15277.78,27775000000,27775000000,1-5M,FALSE,FALSE,27,-31.2362,45.288,6258,3367,rathghat
Minoan,Verste,Quia,4497000,10119.05,45505357143,45505357143,1-5M,FALSE,FALSE,32,-31.5963,-149.04,860,3377,minoan
Yikashu,Dahe,Massir,1483000,10754.97,15949617921,15949617921,1-5M,FALSE,FALSE,23,-31.5963,52.488,6458,3377,yikashu
Tshahulo,Dahe,Massir,4157000,10754.97,44708403032,44708403032,1-5M,FALSE,FALSE,51,-31.8124,55.62,6545,3383,tshahulo
Vurklo,Seytinemas,Mahea,1094000,10992.06,12025317460,12025317460,1-5M,FALSE,FALSE,20,-31.8124,92.052,7557,3383,vurklo
Fekunza,Dahe,Massir,15400000,10754.97,165626511111,165626511111,10-20M,TRUE,TRUE,195,-32.1364,56.808,6578,3392,fekunza
Bolar,Myla,Quia,3232000,7341.27,23726984127,23726984127,1-5M,FALSE,FALSE,19,-32.1724,-84.06,2665,3393,bolar
Ovetta,Verste,Quia,3587000,10119.05,36297023810,36297023810,1-5M,FALSE,FALSE,29,-32.3165,-155.556,679,3397,ovetta
Muzhulu,Dahe,Massir,1190000,10754.97,12798412222,12798412222,1-5M,FALSE,FALSE,23,-32.3165,53.46,6485,3397,muzhulu
Vulna,Seytinemas,Mahea,11288000,10992.06,124078412698,124078412698,10-20M,TRUE,TRUE,183,-32.3165,94.428,7623,3397,vulna
Waktala,Sanagara,Massir,1370000,15277.78,20930555556,20930555556,1-5M,FALSE,FALSE,25,-32.4245,44.172,6227,3400,waktala
Zerash,Seytinemas,Mahea,1042000,10992.06,11453730159,11453730159,1-5M,FALSE,FALSE,20,-32.4965,100.98,7805,3402,zerash
Qatshilo,Dahe,Massir,2959000,10754.97,31823951063,31823951063,1-5M,FALSE,FALSE,27,-32.6765,46.548,6293,3407,qatshilo
Zidanza,Dahe,Massir,1898000,10754.97,20412929746,20412929746,1-5M,FALSE,FALSE,22,-32.7125,58.86,6635,3408,zidanza
Xiyanja,Dahe,Massir,1221000,10754.97,13131816238,13131816238,1-5M,FALSE,FALSE,20,-32.7846,64.8,6800,3410,xiyanja
Sivona,Sadain,Mahea,1599000,7500,11992500000,11992500000,1-5M,TRUE,FALSE,24,-32.7846,133.38,8705,3410,sivona
Amhurok,Isnti,Mahea,1667000,1492.06,2487269841,2487269841,1-5M,FALSE,FALSE,11,-32.8566,123.912,8442,3412,amhurok
Bodrul,Sunsokua,Mahea,3637000,12579.37,45751150794,45751150794,1-5M,FALSE,FALSE,39,-32.8926,143.532,8987,3413,bodrul
Ghloumzi,Dahe,Massir,5050000,10754.97,54312589683,54312589683,5-10M,FALSE,FALSE,68,-32.9646,51.768,6438,3415,ghloumzi
Qalazi,Dahe,Massir,4363000,10754.97,46923926492,46923926492,1-5M,FALSE,FALSE,53,-32.9646,55.548,6543,3415,qalazi
Lungxilo,Dahe,Massir,4819000,10754.97,51828192016,51828192016,1-5M,FALSE,FALSE,63,-33.2527,53.424,6484,3423,lungxilo
Fuzhenya,Dahe,Massir,1197000,10754.97,12873697000,12873697000,1-5M,FALSE,FALSE,20,-33.2166,56.952,6582,3422,fuzhenya
Yokemaru,Sunsokua,Mahea,2199000,12579.37,27662023810,27662023810,1-5M,FALSE,FALSE,31,-33.2166,141.048,8918,3422,yokemaru
Phinlaza,Dahe,Massir,4599000,10754.97,49462099000,49462099000,1-5M,FALSE,FALSE,47,-33.3967,48.132,6337,3427,phinlaza
Drolmukhazin,Volver,Quia,1400000,7380.95,10333333333,10333333333,1-5M,TRUE,FALSE,22,-33.5767,-81.792,2728,3432,drolmukhazin
Kashibo,Sunsokua,Mahea,1178000,12579.37,14818492063,14818492063,1-5M,FALSE,FALSE,23,-33.6127,143.244,8979,3433,kashibo
Tibokan,Chaenia,Mahea,1868000,16269.84,30392063492,30392063492,1-5M,FALSE,FALSE,34,-33.7568,96.588,7683,3437,tibokan
Lufuliya,Dahe,Massir,1182000,10754.97,12712372476,12712372476,1-5M,FALSE,FALSE,23,-33.7928,52.38,6455,3438,lufuliya
Shindzi,Dahe,Massir,1630000,10754.97,17530598254,17530598254,1-5M,FALSE,FALSE,23,-34.1168,56.772,6577,3447,shindzi
Mahsira,Isnti,Mahea,5030000,1492.06,7505079365,7505079365,5-10M,TRUE,FALSE,25,-34.2969,120.168,8338,3452,mahsira
Zhalandi,Dahe,Massir,1052000,10754.97,11314226603,11314226603,1-5M,FALSE,FALSE,20,-34.5489,55.656,6546,3459,zhalandi
Hanyalzo,Dahe,Massir,5540000,10754.97,59582524127,59582524127,5-10M,FALSE,FALSE,64,-34.6569,54.18,6505,3462,hanyalzo
Takolo,Sadain,Mahea,4006000,7500,30045000000,30045000000,1-5M,FALSE,FALSE,26,-34.6929,132.984,8694,3463,takolo
Stravik,Dual Cenryia,Mahea,4740000,3297.62,15630714286,15630714286,1-5M,FALSE,FALSE,23,-34.765,98.496,7736,3465,stravik
Kintaluo,Dahe,Massir,3840000,10754.97,41299078095,41299078095,1-5M,FALSE,FALSE,36,-34.873,59.04,6640,3468,kintaluo
Zhulenga,Dahe,Massir,6210000,10754.97,66788352857,66788352857,5-10M,FALSE,FALSE,59,-34.945,47.88,6330,3470,zhulenga
Klemerda,Dual Cenryia,Mahea,1477000,3297.62,4870583333,4870583333,1-5M,FALSE,FALSE,13,-34.945,96.408,7678,3470,klemerda
Ghezhian,Dahe,Massir,2213000,10754.97,23800744746,23800744746,1-5M,FALSE,FALSE,27,-35.017,52.308,6453,3472,ghezhian
Tzalunya,Dahe,Massir,4391000,10754.97,47225065603,47225065603,1-5M,FALSE,FALSE,41,-35.197,57.528,6598,3477,tzalunya
Bhaliloi,Dahe,Massir,20076000,10754.97,215916742667,215916742667,>20M,FALSE,TRUE,184,-35.4131,50.328,6398,3483,bhaliloi
Vumbeko,Dahe,Massir,6770000,10754.97,72811135079,72811135079,5-10M,FALSE,FALSE,78,-35.4131,55.908,6553,3483,vumbeko
Phetuli,Dahe,Massir,1507000,10754.97,16207737159,16207737159,1-5M,FALSE,FALSE,23,-35.5571,55.008,6528,3487,phetuli
Grimsa,Dual Cenryia,Mahea,1638000,3297.62,5401500000,5401500000,1-5M,FALSE,FALSE,12,-35.6651,101.268,7813,3490,grimsa
Pha Hii,Pha Hii,Massir,2647000,40476.19,107140476190,107140476190,1-5M,TRUE,FALSE,104,-35.7371,46.8,6300,3492,pha-hii
Sahmado,Isnti,Mahea,3712000,1492.06,5538539683,5538539683,1-5M,FALSE,FALSE,17,-35.7371,120.996,8361,3492,sahmado
Pheduza,Dahe,Massir,1435000,10754.97,15433379444,15433379444,1-5M,FALSE,FALSE,22,-35.7732,51.408,6428,3493,pheduza
Xibalzi,Dahe,Massir,1493000,10754.97,16057167603,16057167603,1-5M,FALSE,FALSE,23,-35.9172,53.532,6487,3497,xibalzi
Zhangola,Dahe,Massir,10604000,10754.97,114045683365,114045683365,10-20M,FALSE,FALSE,128,-36.0252,52.56,6460,3500,zhangola
Mankhulo,Dahe,Massir,4115000,10754.97,44256694365,44256694365,1-5M,FALSE,FALSE,43,-36.2773,55.44,6540,3507,mankhulo
Faskel,Dual Cenryia,Mahea,1035000,3297.62,3413035714,3413035714,1-5M,FALSE,FALSE,12,-36.3133,104.76,7910,3508,faskel
Tumnar,Zhanshe,Quia,1125000,353.17,397321429,397321429,1-5M,TRUE,FALSE,17,-36.4573,-112.068,1887,3512,tumnar
Munela,Chaenia,Mahea,1073000,16269.84,17457539683,17457539683,1-5M,FALSE,FALSE,27,-36.4573,92.7,7575,3512,munela
Shanghalu,Dahe,Massir,1410000,10754.97,15164505238,15164505238,1-5M,FALSE,FALSE,22,-36.7453,51.948,6443,3520,shanghalu
Ndhuloya,Dahe,Massir,1053000,10754.97,11324981571,11324981571,1-5M,FALSE,FALSE,20,-36.8174,57.06,6585,3522,ndhuloya
Xivutwa,Dahe,Massir,1204000,10754.97,12948981778,12948981778,1-5M,FALSE,FALSE,21,-37.1774,50.508,6403,3532,xivutwa
Lutur,Chaenia,Mahea,1262000,16269.84,20532539683,20532539683,1-5M,TRUE,FALSE,39,-37.1774,93.348,7593,3532,lutur
Panstel,Dual Cenryia,Mahea,6990000,3297.62,23050357143,23050357143,5-10M,FALSE,FALSE,24,-37.3575,96.372,7677,3537,panstel
Rembili,Dahe,Massir,1747000,10754.97,18788929540,18788929540,1-5M,FALSE,FALSE,27,-37.4655,52.848,6468,3540,rembili
Hovrith,Dual Cenryia,Mahea,2662000,3297.62,8778261905,8778261905,1-5M,FALSE,FALSE,16,-37.7175,99.9,7775,3547,hovrith
Vardak,Vayvele,Mahea,1191000,8769.84,10444880952,10444880952,1-5M,FALSE,FALSE,19,-37.7175,136.8,8800,3547,vardak
Altepso,Galca,Mahea,1121000,1559.52,1748226190,1748226190,1-5M,FALSE,FALSE,11,-37.7536,126.108,8503,3548,altepso
Zalmar,Dual Cenryia,Mahea,1036000,3297.62,3416333333,3416333333,1-5M,FALSE,FALSE,11,-37.8256,105.66,7935,3550,zalmar
Zifuwan,Dahe,Massir,3592000,10754.97,38631845968,38631845968,1-5M,FALSE,FALSE,33,-38.0776,56.7,6575,3557,zifuwan
Velkura,United Mihili,Quia,1190000,1654.76,1969166667,1969166667,1-5M,FALSE,FALSE,11,-38.1856,-148.572,873,3560,velkura
MavagaT,Nheyes Si,Quia,1513000,3674.6,5559674603,5559674603,1-5M,TRUE,FALSE,19,-38.1856,-80.028,2777,3560,mavagat
Sarnotka,Suenan,Massir,1057000,6428.57,6795000000,6795000000,1-5M,FALSE,FALSE,15,-38.3657,46.692,6297,3565,sarnotka
Tonkazi,Dahe,Massir,1169000,10754.97,12572557889,12572557889,1-5M,FALSE,FALSE,22,-38.4377,48.312,6342,3567,tonkazi
Mureko,Ocaun,Mahea,1245000,488.1,607678571,607678571,1-5M,FALSE,FALSE,13,-38.4377,120.78,8355,3567,mureko
Zoluhano,Dahe,Massir,9250000,10754.97,99483456349,99483456349,5-10M,FALSE,FALSE,76,-38.7257,49.608,6378,3575,zoluhano
Krunka,Dual Cenryia,Mahea,3058000,3297.62,10084119048,10084119048,1-5M,FALSE,FALSE,17,-38.9058,103.68,7880,3580,krunka
Nalvin,United Mihili,Quia,1082000,1654.76,1790452381,1790452381,1-5M,FALSE,FALSE,10,-39.0858,-145.62,955,3585,nalvin
Tarimav,Eparia,Massir,1229000,2111.11,2594555556,2594555556,1-5M,TRUE,FALSE,17,-39.1578,89.892,7497,3587,tarimav
Lungqino,Dahe,Massir,1393000,10754.97,14981670778,14981670778,1-5M,FALSE,FALSE,20,-39.1938,54.72,6520,3588,lungqino
Kaisri,Vayvele,Mahea,12020000,8769.84,105413492063,105413492063,10-20M,TRUE,TRUE,119,-39.2298,136.656,8796,3589,kaisri
Jhalenya,Dahe,Massir,3120000,10754.97,33555500952,33555500952,1-5M,FALSE,FALSE,31,-39.5179,48.24,6340,3597,jhalenya
Vrandig,Dual Cenryia,Mahea,11642000,3297.62,38390880952,38390880952,10-20M,TRUE,FALSE,44,-39.5179,102.852,7857,3597,vrandig
Gulowin,Dahe,Massir,4336000,10754.97,46633542349,46633542349,1-5M,FALSE,FALSE,33,-39.6259,62.892,6747,3600,gulowin
Silikai,Ocaun,Mahea,3282000,488.1,1601928571,1601928571,1-5M,FALSE,FALSE,16,-39.6979,122.328,8398,3602,silikai
Beskun,Vayvele,Mahea,1082000,8769.84,9488968254,9488968254,1-5M,FALSE,FALSE,17,-39.6979,130.68,8630,3602,beskun
Jastinor,Dual Cenryia,Mahea,1087000,3297.62,3584511905,3584511905,1-5M,FALSE,FALSE,11,-39.806,103.644,7879,3605,jastinor
Kijora,Vayvele,Mahea,1155000,8769.84,10129166667,10129166667,1-5M,FALSE,FALSE,20,-39.986,138.42,8845,3610,kijora
Sejla,Selaja,Mahea,3292000,6388.89,21032222222,21032222222,1-5M,FALSE,FALSE,20,-40.094,145.764,9049,3613,sejla
Bazinshu,Dahe,Massir,1852000,10754.97,19918201206,19918201206,1-5M,FALSE,FALSE,23,-40.238,53.568,6488,3617,bazinshu
Malinkai,Vesozata,Massir,1537000,3099.21,4763480159,4763480159,1-5M,FALSE,FALSE,13,-40.7782,86.112,7392,3632,malinkai
Daspuru,Suenan,Massir,2992000,6428.57,19234285714,19234285714,1-5M,TRUE,FALSE,24,-40.9582,44.748,6243,3637,daspuru
Dunaro,Ocaun,Mahea,1228000,488.1,599380952,599380952,1-5M,FALSE,FALSE,11,-40.9582,123.948,8443,3637,dunaro
Fyntek,Otiiric,Mahea,4166000,3650.79,15209206349,15209206349,1-5M,TRUE,FALSE,24,-40.9942,96.588,7683,3638,fyntek
Wavaru,Ocaun,Mahea,4331000,488.1,2113940476,2113940476,1-5M,FALSE,FALSE,16,-40.9942,120.42,8345,3638,wavaru
Kejira,Ocaun,Mahea,19618000,488.1,9575452381,9575452381,10-20M,TRUE,TRUE,97,-41.0662,122.76,8410,3640,kejira
Bristel,United Mihili,Quia,3608000,1654.76,5970380952,5970380952,1-5M,FALSE,FALSE,14,-41.2102,-144.18,995,3644,bristel
Ruwodai,Dahe,Massir,1899000,10754.97,20423684714,20423684714,1-5M,FALSE,FALSE,27,-41.4263,49.608,6378,3650,ruwodai
Dherkiv,Galca,Mahea,1020000,1559.52,1590714286,1590714286,1-5M,TRUE,FALSE,16,-41.7143,124.452,8457,3658,dherkiv
Pardesh,Dual Cenryia,Mahea,2329000,3297.62,7680154762,7680154762,1-5M,FALSE,FALSE,15,-41.7864,106.38,7955,3660,pardesh
Weregami,Suenan,Massir,5040000,6428.57,32400000000,32400000000,5-10M,FALSE,FALSE,21,-42.0744,44.388,6233,3668,weregami
Kandula,Vesozata,Massir,1045000,3099.21,3238670635,3238670635,1-5M,FALSE,FALSE,11,-42.5785,81.432,7262,3682,kandula
Veshu,Selaja,Mahea,2156000,6388.89,13774444444,13774444444,1-5M,FALSE,FALSE,17,-42.6865,147.42,9095,3685,veshu
Dilambo,Vesozata,Massir,3826000,3099.21,11857563492,11857563492,1-5M,FALSE,FALSE,16,-42.8666,83.34,7315,3690,dilambo
Velthura,Desaki,Quia,3092000,14047.62,43435238095,43435238095,1-5M,FALSE,FALSE,32,-43.2987,-143.64,1010,3702,velthura
Mojalun,Ocaun,Mahea,1815000,488.1,885892857,885892857,1-5M,FALSE,FALSE,12,-43.4787,119.412,8317,3707,mojalun
Korvani,Vesozata,Massir,10389000,3099.21,32197654762,32197654762,10-20M,TRUE,FALSE,32,-43.5867,84.564,7349,3710,korvani
Suharimti,Kaastini,Massir,1053000,7341.27,7730357143,7730357143,1-5M,TRUE,FALSE,22,-44.1268,55.512,6542,3725,suharimti
Zarvundon,Suenan,Massir,1117000,6428.57,7180714286,7180714286,1-5M,FALSE,FALSE,15,-44.4149,45,6250,3733,zarvundon
Olmurra,Desaki,Quia,2297000,14047.62,32267380952,32267380952,1-5M,TRUE,FALSE,37,-45.027,-142.488,1042,3750,olmurra
Shatiruk,Vesozata,Massir,8000000,3099.21,24793650794,24793650794,5-10M,FALSE,FALSE,26,-45.4591,84.852,7357,3762,shatiruk
Mvangiro,Vesozata,Massir,1632000,3099.21,5057904762,5057904762,1-5M,FALSE,FALSE,14,-45.8192,78.552,7182,3772,mvangiro
Muvkora,Vesozata,Massir,4946000,3099.21,15328674603,15328674603,1-5M,FALSE,FALSE,19,-45.9272,81.108,7253,3775,muvkora
Zarufeli,Vesozata,Massir,1223000,3099.21,3790329365,3790329365,1-5M,FALSE,FALSE,13,-46.6473,82.8,7300,3795,zarufeli
Dulvasra,Exilium,Mahea,2045000,1742.06,3562519841,3562519841,1-5M,TRUE,FALSE,18,-47.6915,101.268,7813,3824,dulvasra
Kolino,Ocaun,Mahea,1102000,488.1,537880952,537880952,1-5M,FALSE,FALSE,11,-47.6555,122.472,8402,3823,kolino
Vekura,Ocaun,Mahea,1274000,488.1,621833333,621833333,1-5M,FALSE,FALSE,11,-47.7275,119.52,8320,3825,vekura
Lijola,Vesozata,Massir,2390000,3099.21,7407103175,7407103175,1-5M,FALSE,FALSE,14,-48.6277,77.256,7146,3850,lijola
Sakali,Vesozata,Massir,1058000,3099.21,3278960317,3278960317,1-5M,FALSE,FALSE,14,-48.9158,82.728,7298,3858,sakali
Lufiro,Vesozata,Massir,1087000,3099.21,3368837302,3368837302,1-5M,FALSE,FALSE,12,-49.2398,81.18,7255,3867,lufiro
Vahira,Vesozata,Massir,1130000,3099.21,3502103175,3502103175,1-5M,FALSE,FALSE,11,-49.96,78.948,7193,3887,vahira
Mataro,Vesozata,Massir,4261000,3099.21,13205718254,13205718254,1-5M,FALSE,FALSE,17,-50.14,82.008,7278,3892,mataro
Vaturiko,Vesozata,Massir,1560000,3099.21,4834761905,4834761905,1-5M,FALSE,FALSE,12,-51.6883,80.928,7248,3935,vaturiko
Mikavasi,Kusierna,Massir,1909000,6428.57,12272142857,12272142857,1-5M,TRUE,FALSE,22,-56.3693,77.688,7158,4065,mikavasi
Droskaneth,Iareva,Quia,4107000,20634.92,84747619048,84747619048,1-5M,TRUE,FALSE,58,-58.0616,-127.26,1465,4112,droskaneth
Yshtra,Desaki,Quia,2955000,14047.62,41510714286,41510714286,1-5M,FALSE,FALSE,27,-58.0976,-140.616,1094,4113,yshtra
